,timestamp,idx,product_idx,customer_idx,review_score,type,value
0,2017-01-21 06:58:32,order-0,27,24,0,buy,59.33
1,2017-01-21 06:58:33,order-1,27,24,0,buy,59.33
2,2017-01-21 06:58:34,order-2,27,24,0,buy,59.33
3,2017-01-21 06:58:35,order-3,27,24,0,buy,59.33
4,2017-01-21 06:58:36,order-4,27,24,0,buy,59.33
5,2017-01-21 06:58:37,order-5,27,24,0,buy,59.33
6,2017-01-23 13:31:27,order-6,27,24,0,buy,59.33
7,2017-01-23 13:31:28,order-7,27,24,0,buy,59.33
8,2017-01-23 13:31:29,order-8,27,24,0,buy,59.33
9,2017-01-23 13:31:30,order-9,27,24,0,buy,59.33
10,2017-01-23 13:31:31,order-10,27,24,0,buy,59.33
11,2017-01-30 21:44:50,order-11,34,7,0,buy,16.8
12,2017-01-30 21:44:51,order-12,34,7,0,buy,16.8
13,2017-01-30 21:44:52,order-13,34,7,0,buy,16.8
14,2017-01-30 21:44:53,order-14,34,7,0,buy,16.8
15,2017-01-30 21:44:54,order-15,34,7,0,buy,16.8
16,2017-01-30 21:44:55,order-16,34,7,0,buy,16.8
17,2017-01-30 21:44:56,order-17,34,7,0,buy,16.8
18,2017-01-30 21:44:57,order-18,34,7,0,buy,16.8
19,2017-01-30 21:44:58,order-19,34,7,0,buy,16.8
20,2017-01-30 21:44:59,order-20,34,7,0,buy,16.8
21,2017-01-30 21:45:00,order-21,34,7,0,buy,16.8
22,2017-01-30 21:45:01,order-22,34,7,0,buy,16.8
23,2017-01-30 21:45:02,order-23,34,7,0,buy,16.8
24,2017-01-30 21:45:03,order-24,34,7,0,buy,16.8
25,2017-01-30 21:45:04,order-25,34,7,0,buy,16.8
26,2017-01-31 12:16:04,review-178,27,24,1,rate,1.0
27,2017-01-31 12:17:42,review-146,27,24,1,rate,1.0
28,2017-02-05 18:47:45,order-26,36,90,0,buy,33.9
29,2017-02-05 18:47:46,order-27,26,90,0,buy,46.0
30,2017-02-16 17:14:42,review-211,34,7,5,rate,1.0
31,2017-02-25 01:06:26,review-264,36,90,3,rate,1.0
32,2017-02-25 01:06:27,review-265,26,90,3,rate,1.0
33,2017-04-18 09:46:41,order-28,30,33,0,buy,103.97
34,2017-05-02 11:01:51,review-83,30,33,5,rate,1.0
35,2017-05-09 14:33:44,order-29,31,65,0,buy,103.97
36,2017-05-09 14:33:45,order-30,31,65,0,buy,103.97
37,2017-05-09 14:33:46,order-31,31,65,0,buy,103.97
38,2017-05-09 14:33:47,order-32,31,65,0,buy,103.97
39,2017-05-09 14:41:11,order-33,31,65,0,buy,103.97
40,2017-05-09 14:41:12,order-34,31,65,0,buy,103.97
41,2017-05-09 14:41:13,order-35,31,65,0,buy,103.97
42,2017-05-09 14:41:14,order-36,31,65,0,buy,103.97
43,2017-05-10 14:04:16,order-37,31,36,0,buy,103.97
44,2017-05-10 14:04:17,order-38,31,36,0,buy,103.97
45,2017-05-11 14:39:54,order-39,30,26,0,buy,103.97
46,2017-05-15 23:30:04,order-40,19,5,0,buy,79.9
47,2017-05-18 11:00:53,order-41,27,70,0,buy,59.33
48,2017-05-18 11:00:54,order-42,25,70,0,buy,116.9
49,2017-05-18 20:51:07,order-43,0,80,0,buy,35.0
50,2017-05-18 20:51:08,order-44,4,80,0,buy,59.9
51,2017-05-21 16:19:59,order-45,12,26,0,buy,98.0
52,2017-05-21 16:20:00,order-46,12,26,0,buy,98.0
53,2017-05-24 18:52:18,review-114,30,26,4,rate,1.0
54,2017-05-26 18:57:06,review-63,31,65,5,rate,1.0
55,2017-05-26 18:57:37,review-159,31,65,5,rate,1.0
56,2017-05-29 00:05:03,review-51,19,5,5,rate,1.0
57,2017-05-29 16:33:33,review-106,31,36,5,rate,1.0
58,2017-05-29 17:23:12,review-200,12,26,5,rate,1.0
59,2017-05-31 21:42:12,review-140,27,70,5,rate,1.0
60,2017-05-31 21:42:13,review-141,25,70,5,rate,1.0
61,2017-06-03 23:27:25,review-120,0,80,4,rate,1.0
62,2017-06-03 23:27:26,review-121,4,80,4,rate,1.0
63,2017-06-08 10:49:43,order-47,32,21,0,buy,52.0
64,2017-06-08 10:49:44,order-48,32,21,0,buy,52.0
65,2017-06-08 10:49:45,order-49,32,21,0,buy,52.0
66,2017-06-08 10:49:46,order-50,32,21,0,buy,52.0
67,2017-06-09 14:24:58,order-51,3,80,0,buy,194.99
68,2017-06-09 14:24:59,order-52,2,80,0,buy,22.99
69,2017-06-15 14:26:02,order-53,27,73,0,buy,59.33
70,2017-06-15 14:26:03,order-54,26,73,0,buy,46.0
71,2017-06-15 14:26:04,order-55,25,73,0,buy,116.9
72,2017-06-15 14:26:05,order-56,24,73,0,buy,38.4
73,2017-06-15 14:38:03,order-57,28,73,0,buy,109.9
74,2017-06-15 14:38:04,order-58,28,73,0,buy,109.9
75,2017-06-15 14:38:05,order-59,26,73,0,buy,46.0
76,2017-06-18 22:56:49,order-60,23,5,0,buy,79.9
77,2017-06-22 13:35:22,order-61,31,26,0,buy,103.97
78,2017-06-23 10:38:24,order-62,35,62,0,buy,19.0
79,2017-06-23 23:22:06,review-29,3,80,5,rate,1.0
80,2017-06-23 23:22:07,review-30,2,80,5,rate,1.0
81,2017-06-26 11:38:30,review-199,32,21,5,rate,1.0
82,2017-06-26 20:53:56,review-154,23,5,5,rate,1.0
83,2017-06-27 19:29:14,review-307,27,73,5,rate,1.0
84,2017-06-27 19:29:15,review-308,26,73,5,rate,1.0
85,2017-06-27 19:29:16,review-309,25,73,5,rate,1.0
86,2017-06-27 19:29:17,review-310,24,73,5,rate,1.0
87,2017-06-27 19:29:44,review-138,28,73,5,rate,1.0
88,2017-06-27 19:29:44,review-166,27,73,5,rate,1.0
89,2017-06-27 19:29:45,review-167,26,73,5,rate,1.0
90,2017-06-27 19:29:46,review-139,26,73,5,rate,1.0
91,2017-06-27 19:29:46,review-168,25,73,5,rate,1.0
92,2017-06-27 19:29:47,review-169,24,73,5,rate,1.0
93,2017-07-01 04:22:22,order-63,42,22,0,buy,69.99
94,2017-07-01 04:22:23,order-64,42,22,0,buy,69.99
95,2017-07-01 04:22:24,order-65,42,22,0,buy,69.99
96,2017-07-01 04:22:25,order-66,42,22,0,buy,69.99
97,2017-07-07 19:48:05,review-161,35,62,5,rate,1.0
98,2017-07-12 06:48:12,order-67,9,75,0,buy,69.9
99,2017-07-13 23:39:03,review-73,42,22,5,rate,1.0
100,2017-07-14 00:08:38,order-68,46,64,0,buy,108.0
101,2017-07-14 00:08:39,order-69,46,64,0,buy,108.0
102,2017-07-14 22:38:38,review-67,31,26,5,rate,1.0
103,2017-07-16 18:19:26,order-70,43,1,0,buy,49.9
104,2017-07-16 18:19:27,order-71,41,1,0,buy,92.0
105,2017-07-16 18:19:28,order-72,41,1,0,buy,92.0
106,2017-07-16 18:19:29,order-73,41,1,0,buy,92.0
107,2017-07-16 18:19:30,order-74,41,1,0,buy,92.0
108,2017-07-16 18:19:31,order-75,41,1,0,buy,92.0
109,2017-07-16 18:19:32,order-76,41,1,0,buy,92.0
110,2017-07-16 18:19:33,order-77,41,1,0,buy,92.0
111,2017-07-16 18:19:34,order-78,41,1,0,buy,92.0
112,2017-07-16 18:19:35,order-79,41,1,0,buy,92.0
113,2017-07-16 18:19:36,order-80,41,1,0,buy,92.0
114,2017-07-16 18:19:37,order-81,43,1,0,buy,49.9
115,2017-07-16 18:19:38,order-82,43,1,0,buy,49.9
116,2017-07-16 18:19:39,order-83,43,1,0,buy,49.9
117,2017-07-16 18:19:40,order-84,43,1,0,buy,49.9
118,2017-07-16 18:19:41,order-85,43,1,0,buy,49.9
119,2017-07-16 18:19:42,order-86,43,1,0,buy,49.9
120,2017-07-16 18:19:43,order-87,43,1,0,buy,49.9
121,2017-07-16 18:19:44,order-88,43,1,0,buy,49.9
122,2017-07-16 18:19:45,order-89,43,1,0,buy,49.9
123,2017-07-16 18:19:46,order-90,42,1,0,buy,69.99
124,2017-07-18 23:10:59,order-91,1,5,0,buy,59.99
125,2017-07-19 10:01:09,review-119,9,75,5,rate,1.0
126,2017-07-20 15:25:15,order-92,31,36,0,buy,103.97
127,2017-07-20 15:25:16,order-93,31,36,0,buy,103.97
128,2017-07-20 15:25:17,order-94,31,36,0,buy,103.97
129,2017-07-20 15:25:18,order-95,31,36,0,buy,103.97
130,2017-07-21 10:49:32,order-96,48,64,0,buy,163.0
131,2017-07-24 12:52:57,review-279,1,5,5,rate,1.0
132,2017-07-24 22:11:51,order-97,21,5,0,buy,149.9
133,2017-07-26 11:46:35,order-98,55,62,0,buy,14.8
134,2017-07-26 11:46:36,order-99,53,62,0,buy,55.0
135,2017-07-26 11:46:37,order-100,55,62,0,buy,14.8
136,2017-07-26 11:46:38,order-101,55,62,0,buy,14.8
137,2017-07-26 11:46:39,order-102,55,62,0,buy,14.8
138,2017-07-26 11:46:40,order-103,55,62,0,buy,14.8
139,2017-07-26 11:46:41,order-104,55,62,0,buy,14.8
140,2017-07-30 14:19:08,review-60,43,1,1,rate,1.0
141,2017-07-30 14:19:09,review-61,41,1,1,rate,1.0
142,2017-07-30 14:19:28,review-62,42,1,1,rate,1.0
143,2017-07-31 00:09:39,review-132,46,64,2,rate,1.0
144,2017-08-02 01:22:25,review-84,21,5,5,rate,1.0
145,2017-08-03 23:38:39,review-69,48,64,2,rate,1.0
146,2017-08-04 10:14:33,review-81,55,62,5,rate,1.0
147,2017-08-04 10:14:34,review-82,53,62,5,rate,1.0
148,2017-08-05 08:59:44,order-105,9,5,0,buy,69.9
149,2017-08-05 14:55:20,order-106,23,78,0,buy,79.9
150,2017-08-05 14:55:20,order-107,19,78,0,buy,79.9
151,2017-08-05 14:55:21,order-108,19,78,0,buy,79.9
152,2017-08-07 14:14:23,order-109,40,76,0,buy,269.9
153,2017-08-07 14:14:23,order-110,27,76,0,buy,59.33
154,2017-08-07 14:29:46,order-111,28,25,0,buy,109.9
155,2017-08-09 13:06:34,review-179,31,36,5,rate,1.0
156,2017-08-11 03:39:11,review-7,9,5,5,rate,1.0
157,2017-08-13 00:43:37,review-325,19,78,5,rate,1.0
158,2017-08-16 13:57:46,review-219,28,25,5,rate,1.0
159,2017-08-19 10:34:41,review-126,40,76,5,rate,1.0
160,2017-08-19 10:34:41,review-258,27,76,5,rate,1.0
161,2017-08-19 10:35:03,review-58,40,76,5,rate,1.0
162,2017-08-22 10:14:08,order-112,40,76,0,buy,269.9
163,2017-08-22 10:14:09,order-113,39,76,0,buy,54.99
164,2017-08-23 09:22:35,order-114,14,3,0,buy,98.7
165,2017-08-23 09:22:36,order-115,14,3,0,buy,98.7
166,2017-08-23 09:22:37,order-116,14,3,0,buy,98.7
167,2017-08-23 09:22:38,order-117,14,3,0,buy,98.7
168,2017-08-23 09:22:39,order-118,14,3,0,buy,98.7
169,2017-08-23 09:22:40,order-119,14,3,0,buy,98.7
170,2017-08-23 09:22:41,order-120,14,3,0,buy,98.7
171,2017-08-23 09:22:42,order-121,14,3,0,buy,98.7
172,2017-08-23 09:22:43,order-122,14,3,0,buy,98.7
173,2017-08-23 09:22:44,order-123,14,3,0,buy,98.7
174,2017-08-23 09:22:45,order-124,14,3,0,buy,98.7
175,2017-08-23 09:22:46,order-125,14,3,0,buy,98.7
176,2017-08-23 09:22:47,order-126,14,3,0,buy,98.7
177,2017-08-23 09:22:48,order-127,14,3,0,buy,98.7
178,2017-08-23 09:22:49,order-128,14,3,0,buy,98.7
179,2017-08-23 09:22:50,order-129,14,3,0,buy,98.7
180,2017-08-23 09:22:51,order-130,14,3,0,buy,98.7
181,2017-08-23 09:22:52,order-131,14,3,0,buy,98.7
182,2017-08-23 09:22:53,order-132,14,3,0,buy,98.7
183,2017-08-23 09:22:54,order-133,14,3,0,buy,98.7
184,2017-08-23 14:34:53,order-134,32,21,0,buy,52.0
185,2017-08-23 14:34:54,order-135,32,21,0,buy,52.0
186,2017-08-23 14:34:55,order-136,32,21,0,buy,52.0
187,2017-08-23 14:34:56,order-137,32,21,0,buy,52.0
188,2017-08-24 22:39:15,order-138,41,98,0,buy,92.0
189,2017-08-24 22:39:16,order-139,19,98,0,buy,79.9
190,2017-08-25 08:58:53,order-140,24,33,0,buy,38.4
191,2017-08-26 01:53:39,review-22,23,78,4,rate,1.0
192,2017-08-26 01:53:39,review-271,19,78,4,rate,1.0
193,2017-08-30 00:56:44,review-216,19,98,5,rate,1.0
194,2017-08-30 00:56:44,review-35,41,98,5,rate,1.0
195,2017-08-30 00:57:06,review-40,19,98,5,rate,1.0
196,2017-08-30 09:54:00,order-141,43,84,0,buy,49.9
197,2017-08-31 11:12:39,review-77,40,76,5,rate,1.0
198,2017-08-31 11:12:40,review-78,39,76,5,rate,1.0
199,2017-09-04 13:17:18,review-274,32,21,5,rate,1.0
200,2017-09-05 22:14:53,order-142,22,5,0,buy,79.9
201,2017-09-12 10:31:43,order-143,31,34,0,buy,103.97
202,2017-09-12 10:31:44,order-144,31,34,0,buy,103.97
203,2017-09-12 10:31:45,order-145,31,34,0,buy,103.97
204,2017-09-12 10:31:46,order-146,31,34,0,buy,103.97
205,2017-09-12 10:31:47,order-147,31,34,0,buy,103.97
206,2017-09-12 10:31:48,order-148,31,34,0,buy,103.97
207,2017-09-12 10:31:49,order-149,31,34,0,buy,103.97
208,2017-09-12 10:31:50,order-150,31,34,0,buy,103.97
209,2017-09-12 10:31:51,order-151,31,34,0,buy,103.97
210,2017-09-12 10:31:52,order-152,31,34,0,buy,103.97
211,2017-09-13 01:39:45,review-8,22,5,5,rate,1.0
212,2017-09-15 11:06:08,review-59,24,33,5,rate,1.0
213,2017-09-18 18:53:16,order-153,26,9,0,buy,46.0
214,2017-09-18 18:53:17,order-154,26,9,0,buy,46.0
215,2017-09-18 18:53:18,order-155,24,9,0,buy,38.4
216,2017-09-18 18:53:19,order-156,24,9,0,buy,38.4
217,2017-09-19 01:02:45,order-157,25,54,0,buy,116.9
218,2017-09-19 14:01:52,review-142,43,84,4,rate,1.0
219,2017-09-20 11:21:15,order-158,10,89,0,buy,270.9
220,2017-09-20 11:21:16,order-159,10,89,0,buy,270.9
221,2017-09-21 11:07:40,order-160,42,84,0,buy,69.99
222,2017-09-21 11:07:41,order-161,42,84,0,buy,69.99
223,2017-09-21 11:07:42,order-162,21,84,0,buy,149.9
224,2017-09-22 04:18:08,review-186,25,54,5,rate,1.0
225,2017-09-26 01:34:15,review-101,26,9,2,rate,1.0
226,2017-09-26 01:34:17,review-102,24,9,2,rate,1.0
227,2017-09-27 17:59:27,order-163,15,76,0,buy,378.0
228,2017-09-27 23:58:12,review-256,31,34,1,rate,1.0
229,2017-09-29 15:24:53,order-164,6,55,0,buy,1680.0
230,2017-09-29 15:24:54,order-165,6,55,0,buy,1680.0
231,2017-09-29 15:24:55,order-166,6,55,0,buy,1680.0
232,2017-09-29 15:24:56,order-167,6,55,0,buy,1680.0
233,2017-09-29 15:24:57,order-168,6,55,0,buy,1680.0
234,2017-09-29 15:24:58,order-169,6,55,0,buy,1680.0
235,2017-09-29 15:24:59,order-170,6,55,0,buy,1680.0
236,2017-09-29 15:25:00,order-171,6,55,0,buy,1680.0
237,2017-10-02 15:49:24,order-172,2,37,0,buy,22.99
238,2017-10-02 15:49:25,order-173,3,37,0,buy,194.99
239,2017-10-02 15:49:26,order-174,3,37,0,buy,194.99
240,2017-10-02 15:49:27,order-175,3,37,0,buy,194.99
241,2017-10-02 15:49:28,order-176,3,37,0,buy,194.99
242,2017-10-02 15:49:29,order-177,3,37,0,buy,194.99
243,2017-10-02 15:49:30,order-178,2,37,0,buy,22.99
244,2017-10-02 15:49:31,order-179,2,37,0,buy,22.99
245,2017-10-02 15:49:32,order-180,2,37,0,buy,22.99
246,2017-10-02 15:49:33,order-181,3,37,0,buy,194.99
247,2017-10-03 01:25:31,order-182,40,78,0,buy,269.9
248,2017-10-05 09:13:22,order-183,11,38,0,buy,41.33
249,2017-10-05 09:13:23,order-184,11,38,0,buy,41.33
250,2017-10-05 09:13:24,order-185,11,38,0,buy,41.33
251,2017-10-05 09:13:25,order-186,32,38,0,buy,52.0
252,2017-10-05 09:13:26,order-187,32,38,0,buy,52.0
253,2017-10-05 09:13:27,order-188,32,38,0,buy,52.0
254,2017-10-05 09:13:28,order-189,32,38,0,buy,52.0
255,2017-10-05 09:13:29,order-190,11,38,0,buy,41.33
256,2017-10-05 09:13:30,order-191,32,38,0,buy,52.0
257,2017-10-05 09:13:31,order-192,32,38,0,buy,52.0
258,2017-10-05 13:16:26,order-193,26,54,0,buy,46.0
259,2017-10-05 14:17:05,order-194,31,96,0,buy,103.97
260,2017-10-05 14:17:06,order-195,31,96,0,buy,103.97
261,2017-10-05 14:17:07,order-196,31,96,0,buy,103.97
262,2017-10-05 14:17:08,order-197,31,96,0,buy,103.97
263,2017-10-06 23:23:03,order-198,39,22,0,buy,54.99
264,2017-10-07 15:54:48,review-175,15,76,5,rate,1.0
265,2017-10-09 12:34:40,order-199,40,20,0,buy,269.9
266,2017-10-09 20:45:46,order-200,52,19,0,buy,20.5
267,2017-10-09 20:45:47,order-201,52,19,0,buy,20.5
268,2017-10-09 20:45:48,order-202,52,19,0,buy,20.5
269,2017-10-09 20:45:49,order-203,52,19,0,buy,20.5
270,2017-10-09 20:45:50,order-204,52,19,0,buy,20.5
271,2017-10-09 20:45:51,order-205,52,19,0,buy,20.5
272,2017-10-09 20:45:52,order-206,52,19,0,buy,20.5
273,2017-10-09 20:45:53,order-207,52,19,0,buy,20.5
274,2017-10-09 20:45:54,order-208,52,19,0,buy,20.5
275,2017-10-09 20:45:55,order-209,52,19,0,buy,20.5
276,2017-10-09 20:45:56,order-210,52,19,0,buy,20.5
277,2017-10-09 20:45:57,order-211,52,19,0,buy,20.5
278,2017-10-10 18:31:37,order-212,28,63,0,buy,109.9
279,2017-10-10 18:31:38,order-213,13,63,0,buy,39.9
280,2017-10-10 18:31:39,order-214,25,63,0,buy,116.9
281,2017-10-11 14:49:50,order-215,45,63,0,buy,19.9
282,2017-10-11 14:49:51,order-216,28,63,0,buy,109.9
283,2017-10-11 14:49:51,order-219,28,63,0,buy,109.9
284,2017-10-11 14:49:52,order-217,45,63,0,buy,19.9
285,2017-10-11 14:49:53,order-218,24,63,0,buy,38.4
286,2017-10-12 22:19:12,review-108,2,37,1,rate,1.0
287,2017-10-12 22:19:13,review-109,3,37,1,rate,1.0
288,2017-10-13 16:10:19,order-220,32,21,0,buy,52.0
289,2017-10-13 16:10:20,order-221,32,21,0,buy,52.0
290,2017-10-13 16:10:21,order-222,32,21,0,buy,52.0
291,2017-10-13 16:10:22,order-223,32,21,0,buy,52.0
292,2017-10-13 19:32:41,review-127,42,84,1,rate,1.0
293,2017-10-13 19:32:43,review-128,21,84,1,rate,1.0
294,2017-10-14 21:02:05,review-302,26,54,5,rate,1.0
295,2017-10-15 14:51:55,review-145,40,78,5,rate,1.0
296,2017-10-17 13:06:30,order-224,25,11,0,buy,116.9
297,2017-10-17 13:06:31,order-225,28,11,0,buy,109.9
298,2017-10-17 13:06:31,order-235,28,11,0,buy,109.9
299,2017-10-17 13:06:32,order-226,27,11,0,buy,59.33
300,2017-10-17 13:06:32,order-236,28,11,0,buy,109.9
301,2017-10-17 13:06:33,order-227,26,11,0,buy,46.0
302,2017-10-17 13:06:34,order-228,25,11,0,buy,116.9
303,2017-10-17 13:06:35,order-229,27,11,0,buy,59.33
304,2017-10-17 13:06:36,order-230,25,11,0,buy,116.9
305,2017-10-17 13:06:37,order-231,24,11,0,buy,38.4
306,2017-10-17 13:06:38,order-232,24,11,0,buy,38.4
307,2017-10-17 13:06:39,order-233,25,11,0,buy,116.9
308,2017-10-17 13:06:40,order-234,27,11,0,buy,59.33
309,2017-10-17 17:19:14,order-237,26,26,0,buy,46.0
310,2017-10-17 17:19:15,order-238,26,26,0,buy,46.0
311,2017-10-17 17:19:16,order-239,26,26,0,buy,46.0
312,2017-10-18 10:16:59,review-110,11,38,1,rate,1.0
313,2017-10-18 10:17:02,review-111,32,38,1,rate,1.0
314,2017-10-18 13:34:49,order-240,28,33,0,buy,109.9
315,2017-10-18 13:34:50,order-241,25,33,0,buy,116.9
316,2017-10-18 13:34:51,order-242,26,33,0,buy,46.0
317,2017-10-18 13:34:52,order-243,26,33,0,buy,46.0
318,2017-10-18 13:34:53,order-244,28,33,0,buy,109.9
319,2017-10-18 13:34:54,order-245,25,33,0,buy,116.9
320,2017-10-18 13:34:55,order-246,24,33,0,buy,38.4
321,2017-10-18 13:34:56,order-247,24,33,0,buy,38.4
322,2017-10-18 23:25:05,order-248,21,5,0,buy,149.9
323,2017-10-19 13:10:40,review-107,6,55,1,rate,1.0
324,2017-10-19 22:55:26,review-153,52,19,5,rate,1.0
325,2017-10-20 18:08:33,review-276,28,63,1,rate,1.0
326,2017-10-23 11:43:10,review-253,31,96,4,rate,1.0
327,2017-10-23 13:05:45,review-304,10,89,3,rate,1.0
328,2017-10-24 08:44:03,review-281,25,11,1,rate,1.0
329,2017-10-24 08:44:03,review-294,28,11,1,rate,1.0
330,2017-10-24 08:44:04,review-282,28,11,1,rate,1.0
331,2017-10-24 08:44:05,review-283,27,11,1,rate,1.0
332,2017-10-24 08:44:06,review-284,26,11,1,rate,1.0
333,2017-10-24 08:44:10,review-285,24,11,1,rate,1.0
334,2017-10-24 16:55:13,review-136,21,5,5,rate,1.0
335,2017-10-24 16:58:20,order-249,17,27,0,buy,20.49
336,2017-10-24 16:58:21,order-250,17,27,0,buy,20.49
337,2017-10-24 16:58:22,order-251,17,27,0,buy,20.49
338,2017-10-24 16:58:23,order-252,17,27,0,buy,20.49
339,2017-10-24 16:58:24,order-253,17,27,0,buy,20.49
340,2017-10-24 16:58:25,order-254,17,27,0,buy,20.49
341,2017-10-26 00:06:40,review-162,39,22,5,rate,1.0
342,2017-10-27 09:49:45,review-249,28,33,5,rate,1.0
343,2017-10-27 09:49:46,review-250,25,33,5,rate,1.0
344,2017-10-27 09:49:47,review-251,26,33,5,rate,1.0
345,2017-10-27 09:49:51,review-252,24,33,5,rate,1.0
346,2017-10-27 14:39:17,review-133,32,21,5,rate,1.0
347,2017-10-28 17:32:14,review-10,26,26,3,rate,1.0
348,2017-10-29 16:58:03,order-255,1,5,0,buy,59.99
349,2017-10-31 19:03:32,review-96,25,11,1,rate,1.0
350,2017-10-31 19:03:33,review-97,28,11,1,rate,1.0
351,2017-10-31 19:03:34,review-98,27,11,1,rate,1.0
352,2017-10-31 19:03:35,review-99,26,11,1,rate,1.0
353,2017-10-31 19:03:39,review-100,24,11,1,rate,1.0
354,2017-11-02 01:42:02,review-125,1,5,5,rate,1.0
355,2017-11-03 20:03:35,order-256,3,80,0,buy,194.99
356,2017-11-04 17:29:16,order-257,3,61,0,buy,194.99
357,2017-11-04 17:29:17,order-258,3,61,0,buy,194.99
358,2017-11-04 17:29:18,order-259,3,61,0,buy,194.99
359,2017-11-04 17:29:19,order-260,3,61,0,buy,194.99
360,2017-11-04 17:29:20,order-261,3,61,0,buy,194.99
361,2017-11-04 17:29:21,order-262,3,61,0,buy,194.99
362,2017-11-04 17:29:22,order-263,3,61,0,buy,194.99
363,2017-11-04 17:29:23,order-264,3,61,0,buy,194.99
364,2017-11-07 18:03:02,order-265,4,80,0,buy,59.9
365,2017-11-07 18:03:03,order-266,4,80,0,buy,59.9
366,2017-11-08 14:38:25,review-71,40,20,5,rate,1.0
367,2017-11-09 17:38:52,review-172,45,63,1,rate,1.0
368,2017-11-09 17:38:53,review-173,28,63,1,rate,1.0
369,2017-11-09 17:38:55,review-174,24,63,1,rate,1.0
370,2017-11-11 23:32:13,review-204,4,80,5,rate,1.0
371,2017-11-13 16:44:42,order-267,27,51,0,buy,59.33
372,2017-11-13 21:50:46,order-268,47,22,0,buy,55.0
373,2017-11-13 21:50:47,order-269,47,22,0,buy,55.0
374,2017-11-13 21:50:48,order-270,47,22,0,buy,55.0
375,2017-11-14 03:16:50,order-271,25,90,0,buy,116.9
376,2017-11-14 03:16:51,order-272,25,90,0,buy,116.9
377,2017-11-14 03:16:52,order-273,25,90,0,buy,116.9
378,2017-11-14 03:16:53,order-274,25,90,0,buy,116.9
379,2017-11-14 12:09:36,order-275,43,22,0,buy,49.9
380,2017-11-15 13:36:31,order-276,45,78,0,buy,19.9
381,2017-11-15 17:58:16,order-277,28,54,0,buy,109.9
382,2017-11-16 14:36:09,order-278,36,67,0,buy,33.9
383,2017-11-16 14:36:10,order-279,38,67,0,buy,29.99
384,2017-11-16 14:36:11,order-280,34,67,0,buy,16.8
385,2017-11-16 14:36:12,order-281,35,67,0,buy,19.0
386,2017-11-16 14:36:13,order-282,35,67,0,buy,19.0
387,2017-11-16 14:36:14,order-283,38,67,0,buy,29.99
388,2017-11-16 14:36:15,order-284,36,67,0,buy,33.9
389,2017-11-16 14:36:16,order-285,34,67,0,buy,16.8
390,2017-11-16 20:33:05,review-202,3,80,4,rate,1.0
391,2017-11-17 19:46:57,order-286,24,44,0,buy,38.4
392,2017-11-17 19:46:58,order-287,24,44,0,buy,38.4
393,2017-11-17 19:46:59,order-288,24,44,0,buy,38.4
394,2017-11-17 19:47:00,order-289,24,44,0,buy,38.4
395,2017-11-17 19:47:01,order-290,24,44,0,buy,38.4
396,2017-11-17 19:47:02,order-291,24,44,0,buy,38.4
397,2017-11-17 19:47:03,order-292,24,44,0,buy,38.4
398,2017-11-17 19:47:04,order-293,24,44,0,buy,38.4
399,2017-11-17 19:47:05,order-294,24,44,0,buy,38.4
400,2017-11-22 09:52:08,order-295,53,52,0,buy,55.0
401,2017-11-22 09:52:09,order-296,54,52,0,buy,284.99
402,2017-11-22 09:52:10,order-297,53,52,0,buy,55.0
403,2017-11-22 09:52:11,order-298,53,52,0,buy,55.0
404,2017-11-22 09:52:12,order-299,54,52,0,buy,284.99
405,2017-11-22 09:52:13,order-300,53,52,0,buy,55.0
406,2017-11-22 09:52:14,order-301,54,52,0,buy,284.99
407,2017-11-22 09:52:15,order-302,53,52,0,buy,55.0
408,2017-11-22 09:52:16,order-303,53,52,0,buy,55.0
409,2017-11-22 20:01:54,order-304,23,5,0,buy,79.9
410,2017-11-22 21:20:46,review-13,28,54,5,rate,1.0
411,2017-11-23 20:30:53,order-305,25,4,0,buy,116.9
412,2017-11-23 20:30:54,order-306,25,4,0,buy,116.9
413,2017-11-23 20:30:55,order-307,25,4,0,buy,116.9
414,2017-11-23 20:30:56,order-308,25,4,0,buy,116.9
415,2017-11-23 20:30:57,order-309,25,4,0,buy,116.9
416,2017-11-23 20:30:58,order-310,25,4,0,buy,116.9
417,2017-11-23 20:30:59,order-311,25,4,0,buy,116.9
418,2017-11-23 20:31:00,order-312,25,4,0,buy,116.9
419,2017-11-23 20:31:01,order-313,25,4,0,buy,116.9
420,2017-11-23 20:31:02,order-314,25,4,0,buy,116.9
421,2017-11-23 20:31:03,order-315,25,4,0,buy,116.9
422,2017-11-23 20:31:04,order-316,25,4,0,buy,116.9
423,2017-11-23 20:31:05,order-317,25,4,0,buy,116.9
424,2017-11-23 20:31:06,order-318,25,4,0,buy,116.9
425,2017-11-23 20:31:07,order-319,25,4,0,buy,116.9
426,2017-11-24 12:27:37,order-320,29,56,0,buy,189.0
427,2017-11-24 12:27:38,order-321,30,56,0,buy,103.97
428,2017-11-24 12:27:39,order-322,29,56,0,buy,189.0
429,2017-11-24 12:27:40,order-323,30,56,0,buy,103.97
430,2017-11-24 13:01:10,order-324,7,51,0,buy,118.0
431,2017-11-24 13:01:11,order-325,8,51,0,buy,118.0
432,2017-11-25 12:14:43,order-326,26,85,0,buy,46.0
433,2017-11-25 12:14:44,order-327,27,85,0,buy,59.33
434,2017-11-25 12:14:45,order-328,26,85,0,buy,46.0
435,2017-11-25 12:14:46,order-329,27,85,0,buy,59.33
436,2017-11-25 12:14:47,order-330,27,85,0,buy,59.33
437,2017-11-25 12:14:48,order-331,26,85,0,buy,46.0
438,2017-11-25 12:14:49,order-332,25,85,0,buy,116.9
439,2017-11-25 18:35:18,order-333,39,22,0,buy,54.99
440,2017-11-26 12:37:33,review-89,3,61,4,rate,1.0
441,2017-11-27 09:08:55,order-334,16,76,0,buy,199.9
442,2017-11-27 10:17:21,review-42,27,51,5,rate,1.0
443,2017-11-27 12:57:36,order-335,28,4,0,buy,109.9
444,2017-11-27 12:57:37,order-336,28,4,0,buy,109.9
445,2017-11-27 12:57:38,order-337,28,4,0,buy,109.9
446,2017-11-27 19:06:13,order-338,57,57,0,buy,25.5
447,2017-11-27 19:06:14,order-339,29,57,0,buy,189.0
448,2017-11-27 19:06:15,order-340,29,57,0,buy,189.0
449,2017-11-27 19:06:16,order-341,57,57,0,buy,25.5
450,2017-11-27 19:06:17,order-342,57,57,0,buy,25.5
451,2017-11-27 19:06:18,order-343,57,57,0,buy,25.5
452,2017-11-27 19:06:19,order-344,57,57,0,buy,25.5
453,2017-11-27 19:06:20,order-345,57,57,0,buy,25.5
454,2017-11-27 21:41:28,review-254,47,22,3,rate,1.0
455,2017-11-28 21:59:17,review-158,23,5,5,rate,1.0
456,2017-11-28 22:24:19,order-346,31,41,0,buy,103.97
457,2017-11-28 22:24:20,order-347,29,41,0,buy,189.0
458,2017-11-28 22:24:21,order-348,29,41,0,buy,189.0
459,2017-11-28 22:24:22,order-349,31,41,0,buy,103.97
460,2017-11-28 22:24:23,order-350,29,41,0,buy,189.0
461,2017-11-28 22:24:24,order-351,29,41,0,buy,189.0
462,2017-11-28 22:24:25,order-352,31,41,0,buy,103.97
463,2017-11-28 22:24:26,order-353,29,41,0,buy,189.0
464,2017-11-28 22:24:27,order-354,31,41,0,buy,103.97
465,2017-11-28 22:24:28,order-355,31,41,0,buy,103.97
466,2017-11-29 00:59:54,review-3,25,90,5,rate,1.0
467,2017-11-29 09:46:50,review-176,24,44,4,rate,1.0
468,2017-12-01 09:30:37,order-356,24,9,0,buy,38.4
469,2017-12-01 14:42:12,review-209,7,51,5,rate,1.0
470,2017-12-01 14:42:13,review-210,8,51,5,rate,1.0
471,2017-12-01 22:37:42,order-357,25,9,0,buy,116.9
472,2017-12-01 22:37:43,order-358,50,9,0,buy,239.9
473,2017-12-01 22:37:44,order-359,26,9,0,buy,46.0
474,2017-12-04 18:52:49,order-360,29,56,0,buy,189.0
475,2017-12-04 18:52:50,order-361,29,56,0,buy,189.0
476,2017-12-04 18:52:51,order-362,29,56,0,buy,189.0
477,2017-12-04 18:52:52,order-363,29,56,0,buy,189.0
478,2017-12-04 21:11:16,order-364,27,51,0,buy,59.33
479,2017-12-05 09:13:28,order-365,25,51,0,buy,116.9
480,2017-12-05 11:27:45,order-366,24,81,0,buy,38.4
481,2017-12-05 11:27:46,order-367,24,81,0,buy,38.4
482,2017-12-05 11:27:47,order-368,24,81,0,buy,38.4
483,2017-12-05 11:27:48,order-369,24,81,0,buy,38.4
484,2017-12-05 11:27:49,order-370,24,81,0,buy,38.4
485,2017-12-05 11:27:50,order-371,24,81,0,buy,38.4
486,2017-12-05 14:06:46,order-372,40,58,0,buy,269.9
487,2017-12-05 14:06:47,order-373,41,58,0,buy,92.0
488,2017-12-05 14:06:48,order-374,42,58,0,buy,69.99
489,2017-12-05 14:06:49,order-375,43,58,0,buy,49.9
490,2017-12-05 14:06:50,order-376,40,58,0,buy,269.9
491,2017-12-05 14:06:51,order-377,42,58,0,buy,69.99
492,2017-12-05 22:34:37,review-91,29,56,5,rate,1.0
493,2017-12-05 22:34:38,review-92,30,56,5,rate,1.0
494,2017-12-06 00:41:57,review-38,31,41,1,rate,1.0
495,2017-12-06 00:41:58,review-39,29,41,1,rate,1.0
496,2017-12-06 09:23:19,review-194,53,52,4,rate,1.0
497,2017-12-06 09:23:20,review-195,54,52,4,rate,1.0
498,2017-12-08 08:35:43,review-306,16,76,5,rate,1.0
499,2017-12-08 11:21:33,review-47,36,67,5,rate,1.0
500,2017-12-08 11:21:34,review-48,38,67,5,rate,1.0
501,2017-12-08 11:21:35,review-49,34,67,5,rate,1.0
502,2017-12-08 11:21:36,review-50,35,67,5,rate,1.0
503,2017-12-12 19:09:06,review-56,57,57,3,rate,1.0
504,2017-12-12 19:09:07,review-57,29,57,3,rate,1.0
505,2017-12-12 22:27:24,order-378,26,58,0,buy,46.0
506,2017-12-12 22:27:25,order-379,26,58,0,buy,46.0
507,2017-12-13 12:02:04,order-380,37,60,0,buy,63.7
508,2017-12-13 12:02:05,order-381,37,60,0,buy,63.7
509,2017-12-13 12:02:06,order-382,37,60,0,buy,63.7
510,2017-12-13 12:02:07,order-383,37,60,0,buy,63.7
511,2017-12-13 14:21:16,order-384,34,8,0,buy,16.8
512,2017-12-13 14:21:17,order-385,34,8,0,buy,16.8
513,2017-12-13 14:21:18,order-386,34,8,0,buy,16.8
514,2017-12-13 14:21:19,order-387,34,8,0,buy,16.8
515,2017-12-13 14:21:20,order-388,34,8,0,buy,16.8
516,2017-12-13 14:21:21,order-389,34,8,0,buy,16.8
517,2017-12-13 14:21:22,order-390,34,8,0,buy,16.8
518,2017-12-13 14:21:23,order-391,34,8,0,buy,16.8
519,2017-12-13 14:21:24,order-392,34,8,0,buy,16.8
520,2017-12-13 14:21:25,order-393,34,8,0,buy,16.8
521,2017-12-13 14:21:26,order-394,34,8,0,buy,16.8
522,2017-12-13 14:21:27,order-395,34,8,0,buy,16.8
523,2017-12-13 14:21:28,order-396,34,8,0,buy,16.8
524,2017-12-13 14:21:29,order-397,34,8,0,buy,16.8
525,2017-12-13 14:30:23,review-303,28,4,5,rate,1.0
526,2017-12-13 22:00:27,review-184,45,78,5,rate,1.0
527,2017-12-15 17:49:35,review-323,43,22,4,rate,1.0
528,2017-12-15 19:55:08,review-227,24,81,2,rate,1.0
529,2017-12-16 20:11:12,review-320,39,22,5,rate,1.0
530,2017-12-18 10:39:38,order-398,11,45,0,buy,41.33
531,2017-12-18 10:39:39,order-399,11,45,0,buy,41.33
532,2017-12-18 10:39:40,order-400,11,45,0,buy,41.33
533,2017-12-18 10:39:41,order-401,11,45,0,buy,41.33
534,2017-12-18 10:39:42,order-402,11,45,0,buy,41.33
535,2017-12-18 17:16:35,review-287,26,85,5,rate,1.0
536,2017-12-18 17:16:36,review-288,27,85,5,rate,1.0
537,2017-12-18 17:16:41,review-289,25,85,5,rate,1.0
538,2017-12-19 14:14:17,review-319,25,4,5,rate,1.0
539,2017-12-20 09:56:36,order-403,53,51,0,buy,55.0
540,2017-12-20 09:56:37,order-404,52,51,0,buy,20.5
541,2017-12-20 21:35:04,review-246,50,9,3,rate,1.0
542,2017-12-20 21:35:04,review-70,25,9,3,rate,1.0
543,2017-12-20 21:35:05,review-247,26,9,3,rate,1.0
544,2017-12-25 20:54:43,order-405,27,54,0,buy,59.33
545,2017-12-25 21:22:04,order-406,27,54,0,buy,59.33
546,2017-12-25 21:22:05,order-407,27,54,0,buy,59.33
547,2017-12-28 10:16:07,review-259,27,51,5,rate,1.0
548,2017-12-28 10:53:40,review-129,29,56,5,rate,1.0
549,2017-12-28 20:04:31,review-103,24,9,4,rate,1.0
550,2017-12-29 22:58:25,review-135,26,58,1,rate,1.0
551,2017-12-29 23:50:18,review-193,27,54,5,rate,1.0
552,2017-12-29 23:51:21,review-273,27,54,5,rate,1.0
553,2017-12-31 12:08:25,review-324,34,8,1,rate,1.0
554,2018-01-02 10:17:44,review-203,25,51,5,rate,1.0
555,2018-01-04 17:14:18,review-87,53,51,5,rate,1.0
556,2018-01-04 17:14:19,review-88,52,51,5,rate,1.0
557,2018-01-05 11:46:53,review-23,40,58,5,rate,1.0
558,2018-01-05 11:46:54,review-24,41,58,5,rate,1.0
559,2018-01-05 11:46:55,review-25,42,58,5,rate,1.0
560,2018-01-05 11:46:56,review-26,43,58,5,rate,1.0
561,2018-01-05 19:15:38,order-408,35,91,0,buy,19.0
562,2018-01-05 19:15:39,order-409,35,91,0,buy,19.0
563,2018-01-05 19:15:40,order-410,35,91,0,buy,19.0
564,2018-01-05 19:15:41,order-411,35,91,0,buy,19.0
565,2018-01-05 19:15:42,order-412,35,91,0,buy,19.0
566,2018-01-05 19:15:43,order-413,35,91,0,buy,19.0
567,2018-01-09 03:29:33,review-155,11,45,1,rate,1.0
568,2018-01-10 14:16:11,order-414,32,42,0,buy,52.0
569,2018-01-10 14:16:12,order-415,32,42,0,buy,52.0
570,2018-01-10 14:16:13,order-416,32,42,0,buy,52.0
571,2018-01-10 14:16:14,order-417,32,42,0,buy,52.0
572,2018-01-10 14:16:15,order-418,32,42,0,buy,52.0
573,2018-01-10 14:16:16,order-419,32,42,0,buy,52.0
574,2018-01-10 14:16:17,order-420,32,42,0,buy,52.0
575,2018-01-10 14:16:18,order-421,32,42,0,buy,52.0
576,2018-01-10 14:16:19,order-422,32,42,0,buy,52.0
577,2018-01-10 14:16:20,order-423,32,42,0,buy,52.0
578,2018-01-11 10:03:40,order-424,46,15,0,buy,108.0
579,2018-01-11 10:03:41,order-425,46,15,0,buy,108.0
580,2018-01-11 10:03:42,order-426,46,15,0,buy,108.0
581,2018-01-11 10:03:43,order-427,46,15,0,buy,108.0
582,2018-01-11 10:03:44,order-428,46,15,0,buy,108.0
583,2018-01-11 10:03:45,order-429,46,15,0,buy,108.0
584,2018-01-11 10:03:46,order-430,46,15,0,buy,108.0
585,2018-01-11 10:03:47,order-431,46,15,0,buy,108.0
586,2018-01-11 10:03:48,order-432,46,15,0,buy,108.0
587,2018-01-11 10:03:49,order-433,46,15,0,buy,108.0
588,2018-01-11 10:03:50,order-434,46,15,0,buy,108.0
589,2018-01-11 10:03:51,order-435,46,15,0,buy,108.0
590,2018-01-11 10:56:16,order-436,56,9,0,buy,44.99
591,2018-01-11 11:16:50,order-437,29,36,0,buy,189.0
592,2018-01-11 11:16:51,order-438,29,36,0,buy,189.0
593,2018-01-11 11:16:52,order-439,29,36,0,buy,189.0
594,2018-01-11 11:16:53,order-440,31,36,0,buy,103.97
595,2018-01-11 13:41:39,review-182,37,60,5,rate,1.0
596,2018-01-12 16:19:28,order-441,25,87,0,buy,116.9
597,2018-01-12 16:19:32,order-442,24,87,0,buy,38.4
598,2018-01-12 16:19:33,order-443,24,87,0,buy,38.4
599,2018-01-12 16:19:34,order-444,24,87,0,buy,38.4
600,2018-01-12 16:19:35,order-445,24,87,0,buy,38.4
601,2018-01-12 16:19:36,order-446,24,87,0,buy,38.4
602,2018-01-12 16:19:37,order-447,24,87,0,buy,38.4
603,2018-01-12 20:23:43,order-448,20,98,0,buy,49.99
604,2018-01-16 12:05:28,order-449,24,54,0,buy,38.4
605,2018-01-16 12:05:29,order-450,27,54,0,buy,59.33
606,2018-01-18 00:16:48,review-149,56,9,3,rate,1.0
607,2018-01-18 15:32:48,review-131,35,91,1,rate,1.0
608,2018-01-22 10:36:55,review-170,32,42,1,rate,1.0
609,2018-01-24 00:24:20,review-80,20,98,5,rate,1.0
610,2018-01-24 03:42:04,review-197,24,54,5,rate,1.0
611,2018-01-24 03:42:05,review-198,27,54,5,rate,1.0
612,2018-01-24 15:15:27,order-451,32,76,0,buy,52.0
613,2018-01-24 20:26:58,review-299,25,87,5,rate,1.0
614,2018-01-24 20:26:58,review-66,24,87,5,rate,1.0
615,2018-01-25 10:01:22,review-206,25,87,1,rate,1.0
616,2018-01-25 10:01:22,review-238,24,87,1,rate,1.0
617,2018-01-25 12:47:40,order-452,28,51,0,buy,109.9
618,2018-01-25 21:10:58,order-453,52,20,0,buy,20.5
619,2018-01-26 12:22:15,review-229,46,15,1,rate,1.0
620,2018-01-26 17:40:05,review-93,29,36,1,rate,1.0
621,2018-01-26 17:40:08,review-94,31,36,1,rate,1.0
622,2018-01-27 00:10:11,order-454,21,95,0,buy,149.9
623,2018-01-27 00:10:12,order-455,2,95,0,buy,22.99
624,2018-01-27 00:10:13,order-456,21,95,0,buy,149.9
625,2018-01-27 00:10:14,order-457,2,95,0,buy,22.99
626,2018-01-27 00:10:15,order-458,21,95,0,buy,149.9
627,2018-01-27 00:10:16,order-459,2,95,0,buy,22.99
628,2018-01-27 00:10:17,order-460,2,95,0,buy,22.99
629,2018-01-28 23:36:02,order-461,49,43,0,buy,25.0
630,2018-01-28 23:36:03,order-462,49,43,0,buy,25.0
631,2018-01-28 23:36:04,order-463,49,43,0,buy,25.0
632,2018-01-28 23:36:05,order-464,49,43,0,buy,25.0
633,2018-01-28 23:36:06,order-465,49,43,0,buy,25.0
634,2018-01-30 08:46:13,order-466,24,59,0,buy,38.4
635,2018-01-30 08:46:14,order-467,24,59,0,buy,38.4
636,2018-01-30 08:46:15,order-468,24,59,0,buy,38.4
637,2018-01-30 08:46:16,order-469,27,59,0,buy,59.33
638,2018-01-30 08:46:17,order-470,27,59,0,buy,59.33
639,2018-01-30 08:46:18,order-471,27,59,0,buy,59.33
640,2018-01-30 08:46:19,order-472,27,59,0,buy,59.33
641,2018-01-30 08:46:20,order-473,24,59,0,buy,38.4
642,2018-01-30 09:51:30,order-474,25,86,0,buy,116.9
643,2018-01-30 09:51:31,order-475,25,86,0,buy,116.9
644,2018-01-30 09:51:32,order-476,25,86,0,buy,116.9
645,2018-01-30 09:51:33,order-477,25,86,0,buy,116.9
646,2018-01-30 09:51:34,order-478,28,86,0,buy,109.9
647,2018-01-30 09:51:35,order-479,25,86,0,buy,116.9
648,2018-01-30 09:51:36,order-480,25,86,0,buy,116.9
649,2018-01-30 16:10:06,order-481,24,79,0,buy,38.4
650,2018-01-30 16:10:07,order-482,60,79,0,buy,160.0
651,2018-01-30 16:10:08,order-483,24,79,0,buy,38.4
652,2018-01-30 16:10:09,order-484,25,79,0,buy,116.9
653,2018-01-30 16:10:10,order-485,25,79,0,buy,116.9
654,2018-01-30 16:10:11,order-486,60,79,0,buy,160.0
655,2018-01-30 16:10:12,order-487,25,79,0,buy,116.9
656,2018-02-01 18:32:03,order-488,4,6,0,buy,59.9
657,2018-02-01 18:32:04,order-489,1,6,0,buy,59.99
658,2018-02-01 18:32:05,order-490,4,6,0,buy,59.9
659,2018-02-01 18:32:06,order-491,1,6,0,buy,59.99
660,2018-02-01 18:32:07,order-492,4,6,0,buy,59.9
661,2018-02-01 18:32:08,order-493,4,6,0,buy,59.9
662,2018-02-01 18:32:09,order-494,1,6,0,buy,59.99
663,2018-02-01 18:32:10,order-495,1,6,0,buy,59.99
664,2018-02-01 18:32:11,order-496,1,6,0,buy,59.99
665,2018-02-01 18:32:12,order-497,1,6,0,buy,59.99
666,2018-02-01 18:32:13,order-498,4,6,0,buy,59.9
667,2018-02-02 06:58:42,order-499,17,27,0,buy,20.49
668,2018-02-02 06:58:43,order-500,17,27,0,buy,20.49
669,2018-02-02 06:58:44,order-501,17,27,0,buy,20.49
670,2018-02-02 06:58:45,order-502,17,27,0,buy,20.49
671,2018-02-02 06:58:46,order-503,17,27,0,buy,20.49
672,2018-02-03 13:49:35,order-504,35,26,0,buy,19.0
673,2018-02-03 13:49:36,order-505,35,26,0,buy,19.0
674,2018-02-03 13:49:37,order-506,35,26,0,buy,19.0
675,2018-02-05 10:42:21,review-233,24,79,4,rate,1.0
676,2018-02-05 10:42:22,review-234,60,79,4,rate,1.0
677,2018-02-05 10:42:24,review-235,25,79,4,rate,1.0
678,2018-02-07 10:14:29,review-177,28,51,5,rate,1.0
679,2018-02-08 01:30:30,review-257,52,20,5,rate,1.0
680,2018-02-08 08:34:54,review-232,17,27,1,rate,1.0
681,2018-02-08 18:36:51,review-313,24,59,4,rate,1.0
682,2018-02-08 18:36:54,review-314,27,59,4,rate,1.0
683,2018-02-09 15:43:38,order-507,24,20,0,buy,38.4
684,2018-02-12 10:12:55,order-508,28,9,0,buy,109.9
685,2018-02-12 10:12:56,order-509,26,9,0,buy,46.0
686,2018-02-12 10:12:56,order-510,28,9,0,buy,109.9
687,2018-02-14 09:58:16,order-511,37,60,0,buy,63.7
688,2018-02-14 09:58:17,order-512,37,60,0,buy,63.7
689,2018-02-14 09:58:18,order-513,37,60,0,buy,63.7
690,2018-02-14 09:58:19,order-514,37,60,0,buy,63.7
691,2018-02-14 13:22:13,order-515,39,51,0,buy,54.99
692,2018-02-14 19:55:48,review-16,49,43,1,rate,1.0
693,2018-02-16 15:56:37,order-516,44,13,0,buy,26.74
694,2018-02-16 15:56:38,order-517,44,13,0,buy,26.74
695,2018-02-16 15:56:39,order-518,44,13,0,buy,26.74
696,2018-02-16 15:56:40,order-519,44,13,0,buy,26.74
697,2018-02-16 15:56:41,order-520,44,13,0,buy,26.74
698,2018-02-16 15:56:42,order-521,44,13,0,buy,26.74
699,2018-02-17 01:22:21,order-522,26,20,0,buy,46.0
700,2018-02-17 01:22:22,order-523,25,20,0,buy,116.9
701,2018-02-17 01:22:23,order-524,27,20,0,buy,59.33
702,2018-02-19 09:01:14,review-248,32,76,4,rate,1.0
703,2018-02-19 16:49:21,order-525,32,89,0,buy,52.0
704,2018-02-19 16:49:22,order-526,30,89,0,buy,103.97
705,2018-02-19 16:49:23,order-527,32,89,0,buy,52.0
706,2018-02-19 16:49:24,order-528,30,89,0,buy,103.97
707,2018-02-19 16:49:25,order-529,30,89,0,buy,103.97
708,2018-02-20 10:25:53,order-530,39,84,0,buy,54.99
709,2018-02-20 10:45:23,order-531,31,9,0,buy,103.97
710,2018-02-20 16:46:30,review-201,35,26,5,rate,1.0
711,2018-02-21 11:10:45,review-160,39,51,5,rate,1.0
712,2018-02-21 11:45:08,order-532,37,10,0,buy,63.7
713,2018-02-21 11:45:09,order-533,37,10,0,buy,63.7
714,2018-02-21 11:45:10,order-534,37,10,0,buy,63.7
715,2018-02-21 11:45:11,order-535,37,10,0,buy,63.7
716,2018-02-21 11:45:12,order-536,37,10,0,buy,63.7
717,2018-02-21 11:45:13,order-537,37,10,0,buy,63.7
718,2018-02-21 11:45:14,order-538,37,10,0,buy,63.7
719,2018-02-21 11:45:15,order-539,37,10,0,buy,63.7
720,2018-02-21 11:45:16,order-540,37,10,0,buy,63.7
721,2018-02-21 11:45:17,order-541,37,10,0,buy,63.7
722,2018-02-21 11:45:18,order-542,37,10,0,buy,63.7
723,2018-02-21 11:45:19,order-543,37,10,0,buy,63.7
724,2018-02-21 11:45:20,order-544,37,10,0,buy,63.7
725,2018-02-21 11:45:21,order-545,37,10,0,buy,63.7
726,2018-02-21 19:13:33,review-277,25,86,3,rate,1.0
727,2018-02-21 19:13:37,review-278,28,86,3,rate,1.0
728,2018-02-22 09:03:58,order-546,29,23,0,buy,189.0
729,2018-02-22 09:03:59,order-547,29,23,0,buy,189.0
730,2018-02-22 09:04:00,order-548,29,23,0,buy,189.0
731,2018-02-22 09:04:00,order-550,30,23,0,buy,103.97
732,2018-02-22 09:04:01,order-549,29,23,0,buy,189.0
733,2018-02-22 09:04:01,order-551,30,23,0,buy,103.97
734,2018-02-22 09:04:02,order-552,30,23,0,buy,103.97
735,2018-02-22 09:04:03,order-553,30,23,0,buy,103.97
736,2018-02-22 09:04:04,order-554,30,23,0,buy,103.97
737,2018-02-22 15:30:42,order-555,33,2,0,buy,83.49
738,2018-02-22 15:30:43,order-556,33,2,0,buy,83.49
739,2018-02-22 15:30:44,order-557,33,2,0,buy,83.49
740,2018-02-22 15:30:45,order-558,33,2,0,buy,83.49
741,2018-02-22 15:30:46,order-559,33,2,0,buy,83.49
742,2018-02-22 15:30:47,order-560,33,2,0,buy,83.49
743,2018-02-22 15:30:48,order-561,33,2,0,buy,83.49
744,2018-02-22 15:30:49,order-562,33,2,0,buy,83.49
745,2018-02-22 15:30:50,order-563,33,2,0,buy,83.49
746,2018-02-22 15:30:51,order-564,33,2,0,buy,83.49
747,2018-02-22 15:30:52,order-565,33,2,0,buy,83.49
748,2018-02-22 15:30:53,order-566,33,2,0,buy,83.49
749,2018-02-22 15:30:54,order-567,33,2,0,buy,83.49
750,2018-02-22 15:30:55,order-568,33,2,0,buy,83.49
751,2018-02-22 15:30:56,order-569,33,2,0,buy,83.49
752,2018-02-22 15:30:57,order-570,33,2,0,buy,83.49
753,2018-02-22 15:30:58,order-571,33,2,0,buy,83.49
754,2018-02-22 15:30:59,order-572,33,2,0,buy,83.49
755,2018-02-22 15:31:00,order-573,33,2,0,buy,83.49
756,2018-02-22 15:31:01,order-574,33,2,0,buy,83.49
757,2018-02-23 05:07:40,review-45,21,95,1,rate,1.0
758,2018-02-23 05:07:41,review-46,2,95,1,rate,1.0
759,2018-02-23 10:37:41,order-575,41,32,0,buy,92.0
760,2018-02-23 10:37:42,order-576,41,32,0,buy,92.0
761,2018-02-23 17:55:19,order-577,39,32,0,buy,54.99
762,2018-02-24 09:33:06,order-578,53,69,0,buy,55.0
763,2018-02-24 09:33:07,order-579,53,69,0,buy,55.0
764,2018-02-24 09:33:08,order-580,53,69,0,buy,55.0
765,2018-02-27 12:21:58,order-581,0,50,0,buy,35.0
766,2018-02-27 12:21:59,order-582,0,50,0,buy,35.0
767,2018-02-27 12:22:00,order-583,0,50,0,buy,35.0
768,2018-02-27 12:22:01,order-584,0,50,0,buy,35.0
769,2018-02-27 12:22:02,order-585,0,50,0,buy,35.0
770,2018-02-27 12:22:03,order-586,0,50,0,buy,35.0
771,2018-02-27 12:23:59,order-587,0,50,0,buy,35.0
772,2018-02-27 12:24:00,order-588,0,50,0,buy,35.0
773,2018-02-27 12:24:01,order-589,0,50,0,buy,35.0
774,2018-02-27 18:36:40,order-590,28,9,0,buy,109.9
775,2018-02-28 20:48:43,review-152,44,13,1,rate,1.0
776,2018-02-28 21:46:58,review-205,24,20,5,rate,1.0
777,2018-03-02 12:26:11,review-115,28,9,3,rate,1.0
778,2018-03-02 12:26:12,review-116,26,9,3,rate,1.0
779,2018-03-03 00:44:55,review-148,37,10,1,rate,1.0
780,2018-03-03 02:41:15,review-0,28,9,3,rate,1.0
781,2018-03-05 16:28:38,review-130,53,69,5,rate,1.0
782,2018-03-07 16:10:28,review-164,29,23,2,rate,1.0
783,2018-03-07 16:10:28,review-68,30,23,2,rate,1.0
784,2018-03-08 18:12:51,review-236,29,23,1,rate,1.0
785,2018-03-08 19:06:06,order-591,25,29,0,buy,116.9
786,2018-03-08 19:06:07,order-592,25,29,0,buy,116.9
787,2018-03-08 19:06:08,order-593,25,29,0,buy,116.9
788,2018-03-08 19:06:09,order-594,25,29,0,buy,116.9
789,2018-03-08 19:06:09,order-596,24,29,0,buy,38.4
790,2018-03-08 19:06:10,order-595,25,29,0,buy,116.9
791,2018-03-08 19:06:10,order-597,24,29,0,buy,38.4
792,2018-03-08 19:06:11,order-598,24,29,0,buy,38.4
793,2018-03-08 19:06:12,order-599,24,29,0,buy,38.4
794,2018-03-08 19:06:13,order-600,24,29,0,buy,38.4
795,2018-03-08 19:06:14,order-601,24,29,0,buy,38.4
796,2018-03-09 11:32:49,order-602,42,81,0,buy,69.99
797,2018-03-10 10:53:52,order-603,25,30,0,buy,116.9
798,2018-03-10 10:53:53,order-604,35,30,0,buy,19.0
799,2018-03-10 10:53:54,order-605,25,30,0,buy,116.9
800,2018-03-10 10:53:55,order-606,25,30,0,buy,116.9
801,2018-03-10 10:53:56,order-607,35,30,0,buy,19.0
802,2018-03-10 10:53:57,order-608,25,30,0,buy,116.9
803,2018-03-10 10:53:58,order-609,35,30,0,buy,19.0
804,2018-03-10 10:53:59,order-610,35,30,0,buy,19.0
805,2018-03-10 10:54:00,order-611,35,30,0,buy,19.0
806,2018-03-10 10:54:01,order-612,25,30,0,buy,116.9
807,2018-03-10 10:54:02,order-613,25,30,0,buy,116.9
808,2018-03-10 18:15:11,review-44,39,84,3,rate,1.0
809,2018-03-12 11:46:21,review-21,0,50,2,rate,1.0
810,2018-03-12 12:46:08,review-191,33,2,1,rate,1.0
811,2018-03-12 13:27:40,review-292,39,32,5,rate,1.0
812,2018-03-12 14:51:58,review-143,41,32,5,rate,1.0
813,2018-03-12 16:53:09,order-614,27,31,0,buy,59.33
814,2018-03-12 16:53:10,order-615,27,31,0,buy,59.33
815,2018-03-12 16:53:11,order-616,27,31,0,buy,59.33
816,2018-03-12 16:53:12,order-617,27,31,0,buy,59.33
817,2018-03-12 16:53:13,order-618,27,31,0,buy,59.33
818,2018-03-12 21:26:12,review-213,42,81,5,rate,1.0
819,2018-03-13 12:08:35,review-215,0,50,5,rate,1.0
820,2018-03-13 23:22:08,review-207,4,6,3,rate,1.0
821,2018-03-13 23:22:09,review-208,1,6,3,rate,1.0
822,2018-03-14 08:52:48,review-74,26,20,5,rate,1.0
823,2018-03-14 08:52:49,review-75,25,20,5,rate,1.0
824,2018-03-14 08:52:50,review-76,27,20,5,rate,1.0
825,2018-03-15 12:56:36,order-619,24,70,0,buy,38.4
826,2018-03-15 12:56:37,order-620,24,70,0,buy,38.4
827,2018-03-15 12:56:38,order-621,24,70,0,buy,38.4
828,2018-03-15 12:56:39,order-622,24,70,0,buy,38.4
829,2018-03-15 18:33:08,review-90,37,60,1,rate,1.0
830,2018-03-16 11:03:08,order-623,26,18,0,buy,46.0
831,2018-03-16 11:03:09,order-624,26,18,0,buy,46.0
832,2018-03-16 11:03:10,order-625,26,18,0,buy,46.0
833,2018-03-16 11:03:11,order-626,26,18,0,buy,46.0
834,2018-03-16 11:03:12,order-627,26,18,0,buy,46.0
835,2018-03-16 11:03:13,order-628,26,18,0,buy,46.0
836,2018-03-16 11:16:54,review-212,31,9,3,rate,1.0
837,2018-03-16 11:19:47,order-629,26,18,0,buy,46.0
838,2018-03-16 11:19:48,order-630,26,18,0,buy,46.0
839,2018-03-16 11:19:49,order-631,26,18,0,buy,46.0
840,2018-03-16 11:19:50,order-632,26,18,0,buy,46.0
841,2018-03-16 11:19:51,order-633,26,18,0,buy,46.0
842,2018-03-16 11:19:52,order-634,26,18,0,buy,46.0
843,2018-03-16 19:20:48,review-124,28,9,1,rate,1.0
844,2018-03-17 11:24:49,order-635,28,90,0,buy,109.9
845,2018-03-19 16:39:28,order-636,27,31,0,buy,59.33
846,2018-03-19 16:39:29,order-637,27,31,0,buy,59.33
847,2018-03-19 16:39:30,order-638,27,31,0,buy,59.33
848,2018-03-19 16:39:31,order-639,27,31,0,buy,59.33
849,2018-03-19 16:39:32,order-640,28,31,0,buy,109.9
850,2018-03-19 16:39:33,order-641,27,31,0,buy,59.33
851,2018-03-19 18:58:50,order-642,54,48,0,buy,284.99
852,2018-03-19 18:58:51,order-643,54,48,0,buy,284.99
853,2018-03-19 18:58:52,order-644,54,48,0,buy,284.99
854,2018-03-19 18:58:53,order-645,54,48,0,buy,284.99
855,2018-03-19 18:58:54,order-646,54,48,0,buy,284.99
856,2018-03-19 18:58:55,order-647,54,48,0,buy,284.99
857,2018-03-19 18:58:56,order-648,54,48,0,buy,284.99
858,2018-03-19 18:58:57,order-649,54,48,0,buy,284.99
859,2018-03-19 18:58:58,order-650,54,48,0,buy,284.99
860,2018-03-20 16:13:07,order-651,51,45,0,buy,89.99
861,2018-03-21 18:59:57,order-652,59,98,0,buy,29.99
862,2018-03-21 18:59:58,order-653,59,98,0,buy,29.99
863,2018-03-21 18:59:59,order-654,59,98,0,buy,29.99
864,2018-03-21 19:00:00,order-655,59,98,0,buy,29.99
865,2018-03-21 21:05:34,review-64,32,89,2,rate,1.0
866,2018-03-21 21:05:35,review-65,30,89,2,rate,1.0
867,2018-03-22 10:14:01,order-656,27,75,0,buy,59.33
868,2018-03-22 11:33:48,order-657,27,75,0,buy,59.33
869,2018-03-22 11:33:49,order-658,27,75,0,buy,59.33
870,2018-03-22 21:47:52,review-165,27,31,5,rate,1.0
871,2018-03-23 00:22:22,review-85,25,30,3,rate,1.0
872,2018-03-23 00:22:23,review-86,35,30,3,rate,1.0
873,2018-03-23 23:04:42,review-14,24,70,4,rate,1.0
874,2018-03-24 00:23:07,review-27,24,70,5,rate,1.0
875,2018-03-25 22:48:49,review-231,24,29,1,rate,1.0
876,2018-03-25 22:48:49,review-293,25,29,1,rate,1.0
877,2018-03-26 03:50:49,order-659,49,43,0,buy,25.0
878,2018-03-26 03:50:50,order-660,49,43,0,buy,25.0
879,2018-03-26 03:50:51,order-661,49,43,0,buy,25.0
880,2018-03-26 03:50:52,order-662,49,43,0,buy,25.0
881,2018-03-26 03:50:53,order-663,49,43,0,buy,25.0
882,2018-03-26 10:19:23,review-9,51,45,1,rate,1.0
883,2018-03-26 18:31:00,review-144,28,90,5,rate,1.0
884,2018-03-26 21:56:33,review-286,59,98,4,rate,1.0
885,2018-03-27 14:29:04,order-664,33,25,0,buy,83.49
886,2018-03-27 14:29:05,order-665,33,25,0,buy,83.49
887,2018-03-27 14:29:06,order-666,33,25,0,buy,83.49
888,2018-03-27 14:29:07,order-667,35,25,0,buy,19.0
889,2018-03-27 14:29:08,order-668,35,25,0,buy,19.0
890,2018-03-27 14:29:09,order-669,33,25,0,buy,83.49
891,2018-03-27 14:29:10,order-670,33,25,0,buy,83.49
892,2018-03-27 14:29:11,order-671,33,25,0,buy,83.49
893,2018-03-27 14:29:12,order-672,33,25,0,buy,83.49
894,2018-03-27 14:29:13,order-673,33,25,0,buy,83.49
895,2018-03-29 01:38:38,review-79,26,18,2,rate,1.0
896,2018-03-29 15:41:08,order-674,27,45,0,buy,59.33
897,2018-03-29 15:41:09,order-675,27,45,0,buy,59.33
898,2018-03-29 15:41:10,order-676,27,45,0,buy,59.33
899,2018-03-29 16:16:28,review-181,26,18,4,rate,1.0
900,2018-03-31 21:18:50,order-677,58,78,0,buy,19.99
901,2018-03-31 21:18:51,order-678,58,78,0,buy,19.99
902,2018-04-02 16:48:32,review-95,54,48,1,rate,1.0
903,2018-04-04 00:53:43,review-217,27,75,5,rate,1.0
904,2018-04-04 09:41:25,review-28,27,75,5,rate,1.0
905,2018-04-05 13:34:59,review-311,33,25,5,rate,1.0
906,2018-04-05 13:35:02,review-312,35,25,5,rate,1.0
907,2018-04-05 15:21:54,review-150,27,31,5,rate,1.0
908,2018-04-05 15:21:58,review-151,28,31,5,rate,1.0
909,2018-04-10 10:03:13,order-679,41,94,0,buy,92.0
910,2018-04-10 10:03:14,order-680,43,94,0,buy,49.9
911,2018-04-10 10:03:15,order-681,43,94,0,buy,49.9
912,2018-04-10 10:03:16,order-682,43,94,0,buy,49.9
913,2018-04-10 10:03:17,order-683,43,94,0,buy,49.9
914,2018-04-10 10:03:18,order-684,43,94,0,buy,49.9
915,2018-04-10 10:03:19,order-685,43,94,0,buy,49.9
916,2018-04-10 10:22:04,review-15,27,45,4,rate,1.0
917,2018-04-10 14:09:06,order-686,56,53,0,buy,44.99
918,2018-04-10 14:09:07,order-687,55,53,0,buy,14.8
919,2018-04-11 02:48:16,order-688,24,88,0,buy,38.4
920,2018-04-11 02:48:17,order-689,24,88,0,buy,38.4
921,2018-04-11 02:48:18,order-690,26,88,0,buy,46.0
922,2018-04-11 02:48:19,order-691,26,88,0,buy,46.0
923,2018-04-11 16:14:21,order-692,26,75,0,buy,46.0
924,2018-04-11 16:14:22,order-693,26,75,0,buy,46.0
925,2018-04-12 11:02:52,order-694,38,12,0,buy,29.99
926,2018-04-12 11:02:53,order-695,38,12,0,buy,29.99
927,2018-04-12 11:02:54,order-696,38,12,0,buy,29.99
928,2018-04-12 11:02:55,order-697,38,12,0,buy,29.99
929,2018-04-12 11:02:56,order-698,38,12,0,buy,29.99
930,2018-04-12 11:02:57,order-699,38,12,0,buy,29.99
931,2018-04-12 11:02:58,order-700,38,12,0,buy,29.99
932,2018-04-12 11:02:59,order-701,38,12,0,buy,29.99
933,2018-04-12 11:03:00,order-702,38,12,0,buy,29.99
934,2018-04-12 11:03:01,order-703,38,12,0,buy,29.99
935,2018-04-12 11:03:02,order-704,38,12,0,buy,29.99
936,2018-04-12 11:03:03,order-705,38,12,0,buy,29.99
937,2018-04-12 11:03:04,order-706,38,12,0,buy,29.99
938,2018-04-13 10:09:11,order-707,52,32,0,buy,20.5
939,2018-04-13 10:09:12,order-708,52,32,0,buy,20.5
940,2018-04-13 10:09:13,order-709,52,32,0,buy,20.5
941,2018-04-13 10:09:14,order-710,43,32,0,buy,49.9
942,2018-04-13 10:09:15,order-711,43,32,0,buy,49.9
943,2018-04-13 10:09:16,order-712,43,32,0,buy,49.9
944,2018-04-13 10:09:17,order-713,52,32,0,buy,20.5
945,2018-04-13 10:09:18,order-714,52,32,0,buy,20.5
946,2018-04-13 16:01:35,order-715,27,68,0,buy,59.33
947,2018-04-13 16:01:36,order-716,27,68,0,buy,59.33
948,2018-04-13 16:01:37,order-717,27,68,0,buy,59.33
949,2018-04-13 16:01:38,order-718,24,68,0,buy,38.4
950,2018-04-13 16:01:39,order-719,24,68,0,buy,38.4
951,2018-04-13 16:01:40,order-720,24,68,0,buy,38.4
952,2018-04-13 16:01:41,order-721,24,68,0,buy,38.4
953,2018-04-13 16:01:42,order-722,27,68,0,buy,59.33
954,2018-04-17 21:09:00,order-723,22,17,0,buy,79.9
955,2018-04-17 21:09:01,order-724,23,17,0,buy,79.9
956,2018-04-17 21:09:02,order-725,23,17,0,buy,79.9
957,2018-04-17 21:09:03,order-726,23,17,0,buy,79.9
958,2018-04-17 21:09:04,order-727,22,17,0,buy,79.9
959,2018-04-17 21:09:05,order-728,22,17,0,buy,79.9
960,2018-04-17 21:09:06,order-729,20,17,0,buy,49.99
961,2018-04-17 21:09:07,order-730,20,17,0,buy,49.99
962,2018-04-17 21:09:08,order-731,20,17,0,buy,49.99
963,2018-04-17 21:09:09,order-732,19,17,0,buy,79.9
964,2018-04-17 21:09:10,order-733,19,17,0,buy,79.9
965,2018-04-17 21:09:11,order-734,19,17,0,buy,79.9
966,2018-04-17 21:09:36,review-332,56,53,5,rate,1.0
967,2018-04-17 21:09:37,review-333,55,53,5,rate,1.0
968,2018-04-19 11:17:56,order-735,10,93,0,buy,270.9
969,2018-04-19 11:17:57,order-736,28,93,0,buy,109.9
970,2018-04-19 11:17:58,order-737,24,93,0,buy,38.4
971,2018-04-19 11:17:59,order-738,24,93,0,buy,38.4
972,2018-04-19 11:18:00,order-739,28,93,0,buy,109.9
973,2018-04-19 11:18:01,order-740,25,93,0,buy,116.9
974,2018-04-19 11:18:02,order-741,25,93,0,buy,116.9
975,2018-04-19 13:54:07,order-742,54,39,0,buy,284.99
976,2018-04-19 13:54:08,order-743,54,39,0,buy,284.99
977,2018-04-19 13:54:09,order-744,54,39,0,buy,284.99
978,2018-04-19 13:54:10,order-745,54,39,0,buy,284.99
979,2018-04-19 13:54:11,order-746,54,39,0,buy,284.99
980,2018-04-19 13:54:12,order-747,54,39,0,buy,284.99
981,2018-04-19 13:54:13,order-748,54,39,0,buy,284.99
982,2018-04-19 13:54:14,order-749,54,39,0,buy,284.99
983,2018-04-19 13:54:15,order-750,54,39,0,buy,284.99
984,2018-04-19 13:54:16,order-751,54,39,0,buy,284.99
985,2018-04-19 17:42:46,review-298,49,43,3,rate,1.0
986,2018-04-19 18:54:33,order-752,26,75,0,buy,46.0
987,2018-04-19 20:53:14,order-753,37,71,0,buy,63.7
988,2018-04-19 20:53:15,order-754,38,71,0,buy,29.99
989,2018-04-19 20:53:16,order-755,38,71,0,buy,29.99
990,2018-04-19 20:53:17,order-756,38,71,0,buy,29.99
991,2018-04-19 20:53:18,order-757,38,71,0,buy,29.99
992,2018-04-19 20:53:19,order-758,38,71,0,buy,29.99
993,2018-04-19 20:53:20,order-759,38,71,0,buy,29.99
994,2018-04-21 12:41:40,review-290,26,75,1,rate,1.0
995,2018-04-22 12:27:50,review-43,58,78,1,rate,1.0
996,2018-04-22 19:07:52,review-321,24,88,3,rate,1.0
997,2018-04-22 19:07:54,review-322,26,88,3,rate,1.0
998,2018-04-23 17:36:23,review-31,10,93,1,rate,1.0
999,2018-04-23 17:36:24,review-32,28,93,1,rate,1.0
1000,2018-04-23 17:36:25,review-33,24,93,1,rate,1.0
1001,2018-04-23 17:36:28,review-34,25,93,1,rate,1.0
1002,2018-04-24 17:06:55,order-760,1,6,0,buy,59.99
1003,2018-04-24 17:06:56,order-761,1,6,0,buy,59.99
1004,2018-04-24 17:06:57,order-762,0,6,0,buy,35.0
1005,2018-04-24 17:06:58,order-763,0,6,0,buy,35.0
1006,2018-04-24 23:25:12,order-764,48,64,0,buy,163.0
1007,2018-04-24 23:25:13,order-765,48,64,0,buy,163.0
1008,2018-04-24 23:25:14,order-766,48,64,0,buy,163.0
1009,2018-04-24 23:25:15,order-767,48,64,0,buy,163.0
1010,2018-04-24 23:25:16,order-768,48,64,0,buy,163.0
1011,2018-04-25 10:52:11,order-769,1,66,0,buy,59.99
1012,2018-04-25 10:52:11,order-772,56,66,0,buy,44.99
1013,2018-04-25 10:52:12,order-770,1,66,0,buy,59.99
1014,2018-04-25 10:52:12,order-773,56,66,0,buy,44.99
1015,2018-04-25 10:52:13,order-771,1,66,0,buy,59.99
1016,2018-04-25 12:23:28,order-774,25,70,0,buy,116.9
1017,2018-04-25 12:23:29,order-775,25,70,0,buy,116.9
1018,2018-04-26 10:48:07,order-776,38,35,0,buy,29.99
1019,2018-04-26 10:48:08,order-777,38,35,0,buy,29.99
1020,2018-04-26 10:48:09,order-778,38,35,0,buy,29.99
1021,2018-04-26 10:48:10,order-779,38,35,0,buy,29.99
1022,2018-04-26 10:48:11,order-780,38,35,0,buy,29.99
1023,2018-04-26 11:44:49,order-781,28,20,0,buy,109.9
1024,2018-04-26 11:45:59,review-296,37,71,5,rate,1.0
1025,2018-04-26 11:46:00,review-297,38,71,5,rate,1.0
1026,2018-04-26 20:37:36,review-275,38,12,3,rate,1.0
1027,2018-05-02 12:27:16,review-329,27,68,5,rate,1.0
1028,2018-05-02 12:27:19,review-330,24,68,5,rate,1.0
1029,2018-05-02 13:30:43,review-104,52,32,5,rate,1.0
1030,2018-05-02 13:30:46,review-105,43,32,5,rate,1.0
1031,2018-05-02 13:52:35,review-112,26,75,5,rate,1.0
1032,2018-05-02 14:04:02,review-11,41,94,1,rate,1.0
1033,2018-05-02 14:04:03,review-12,43,94,1,rate,1.0
1034,2018-05-03 06:11:23,order-782,39,20,0,buy,54.99
1035,2018-05-03 06:11:24,order-783,39,20,0,buy,54.99
1036,2018-05-03 06:11:25,order-784,39,20,0,buy,54.99
1037,2018-05-03 06:11:26,order-785,39,20,0,buy,54.99
1038,2018-05-03 16:16:42,order-786,31,96,0,buy,103.97
1039,2018-05-03 16:16:43,order-787,31,96,0,buy,103.97
1040,2018-05-03 16:16:44,order-788,31,96,0,buy,103.97
1041,2018-05-03 22:21:06,review-192,25,70,5,rate,1.0
1042,2018-05-04 09:09:51,order-789,40,84,0,buy,269.9
1043,2018-05-04 09:09:52,order-790,41,84,0,buy,92.0
1044,2018-05-06 17:04:17,order-791,53,69,0,buy,55.0
1045,2018-05-06 17:04:18,order-792,53,69,0,buy,55.0
1046,2018-05-06 17:04:19,order-793,53,69,0,buy,55.0
1047,2018-05-06 17:04:20,order-794,53,69,0,buy,55.0
1048,2018-05-06 17:04:21,order-795,53,69,0,buy,55.0
1049,2018-05-06 21:38:07,review-295,54,39,5,rate,1.0
1050,2018-05-08 13:02:02,review-230,48,64,4,rate,1.0
1051,2018-05-10 10:13:47,order-796,56,66,0,buy,44.99
1052,2018-05-10 10:13:48,order-797,56,66,0,buy,44.99
1053,2018-05-10 10:13:49,order-798,56,66,0,buy,44.99
1054,2018-05-11 11:51:47,review-54,56,66,5,rate,1.0
1055,2018-05-11 11:51:47,review-55,1,66,5,rate,1.0
1056,2018-05-13 13:05:03,order-799,54,14,0,buy,284.99
1057,2018-05-13 13:05:04,order-800,55,14,0,buy,14.8
1058,2018-05-13 13:05:05,order-801,55,14,0,buy,14.8
1059,2018-05-13 13:05:06,order-802,54,14,0,buy,284.99
1060,2018-05-13 13:05:07,order-803,55,14,0,buy,14.8
1061,2018-05-13 13:05:08,order-804,54,14,0,buy,284.99
1062,2018-05-13 13:05:09,order-805,55,14,0,buy,14.8
1063,2018-05-13 13:05:10,order-806,54,14,0,buy,284.99
1064,2018-05-13 13:05:11,order-807,55,14,0,buy,14.8
1065,2018-05-13 13:05:12,order-808,54,14,0,buy,284.99
1066,2018-05-13 13:05:13,order-809,54,14,0,buy,284.99
1067,2018-05-13 13:05:14,order-810,55,14,0,buy,14.8
1068,2018-05-13 21:29:50,order-811,27,99,0,buy,59.33
1069,2018-05-13 21:29:51,order-812,26,99,0,buy,46.0
1070,2018-05-13 21:29:52,order-813,26,99,0,buy,46.0
1071,2018-05-13 21:29:53,order-814,27,99,0,buy,59.33
1072,2018-05-13 21:29:54,order-815,27,99,0,buy,59.33
1073,2018-05-13 21:29:55,order-816,27,99,0,buy,59.33
1074,2018-05-14 02:56:15,review-2,39,20,5,rate,1.0
1075,2018-05-14 20:59:45,review-187,22,17,4,rate,1.0
1076,2018-05-14 20:59:46,review-188,23,17,4,rate,1.0
1077,2018-05-14 20:59:51,review-189,20,17,4,rate,1.0
1078,2018-05-14 20:59:54,review-190,19,17,4,rate,1.0
1079,2018-05-15 16:10:39,order-817,26,97,0,buy,46.0
1080,2018-05-15 16:10:40,order-818,26,97,0,buy,46.0
1081,2018-05-15 16:10:41,order-819,28,97,0,buy,109.9
1082,2018-05-15 16:10:42,order-820,24,97,0,buy,38.4
1083,2018-05-15 16:10:43,order-821,25,97,0,buy,116.9
1084,2018-05-15 16:10:44,order-822,25,97,0,buy,116.9
1085,2018-05-15 16:10:45,order-823,25,97,0,buy,116.9
1086,2018-05-15 23:54:02,review-185,53,69,3,rate,1.0
1087,2018-05-17 10:49:00,review-228,38,35,2,rate,1.0
1088,2018-05-19 10:51:34,order-824,34,47,0,buy,16.8
1089,2018-05-19 10:51:35,order-825,34,47,0,buy,16.8
1090,2018-05-19 10:51:36,order-826,34,47,0,buy,16.8
1091,2018-05-19 10:51:37,order-827,34,47,0,buy,16.8
1092,2018-05-19 10:51:38,order-828,34,47,0,buy,16.8
1093,2018-05-19 10:58:31,order-829,34,47,0,buy,16.8
1094,2018-05-19 10:58:32,order-830,34,47,0,buy,16.8
1095,2018-05-19 10:58:33,order-831,34,47,0,buy,16.8
1096,2018-05-19 10:58:34,order-832,34,47,0,buy,16.8
1097,2018-05-20 21:53:44,review-317,27,99,5,rate,1.0
1098,2018-05-20 21:53:45,review-318,26,99,5,rate,1.0
1099,2018-05-21 13:25:20,review-196,31,96,5,rate,1.0
1100,2018-05-21 22:44:32,order-833,21,5,0,buy,149.9
1101,2018-05-22 13:30:57,review-19,56,66,5,rate,1.0
1102,2018-05-22 23:08:56,order-834,20,5,0,buy,49.99
1103,2018-05-23 00:36:46,review-52,1,6,3,rate,1.0
1104,2018-05-23 00:36:48,review-53,0,6,3,rate,1.0
1105,2018-05-24 18:57:52,review-255,21,5,5,rate,1.0
1106,2018-05-25 15:32:24,review-214,20,5,5,rate,1.0
1107,2018-05-26 13:18:38,review-113,28,20,5,rate,1.0
1108,2018-05-28 17:20:03,order-835,27,26,0,buy,59.33
1109,2018-05-28 18:32:55,review-240,26,97,5,rate,1.0
1110,2018-05-28 18:32:57,review-241,28,97,5,rate,1.0
1111,2018-05-28 18:32:58,review-242,24,97,5,rate,1.0
1112,2018-05-28 18:32:59,review-243,25,97,5,rate,1.0
1113,2018-05-30 09:46:26,order-836,56,49,0,buy,44.99
1114,2018-05-30 09:46:27,order-837,56,49,0,buy,44.99
1115,2018-05-30 09:46:28,order-838,56,49,0,buy,44.99
1116,2018-05-30 09:46:29,order-839,56,49,0,buy,44.99
1117,2018-05-30 09:46:30,order-840,56,49,0,buy,44.99
1118,2018-05-30 09:46:31,order-841,56,49,0,buy,44.99
1119,2018-06-01 08:21:04,order-842,56,49,0,buy,44.99
1120,2018-06-01 08:21:05,order-843,56,49,0,buy,44.99
1121,2018-06-01 08:21:06,order-844,56,49,0,buy,44.99
1122,2018-06-01 11:38:30,order-845,53,20,0,buy,55.0
1123,2018-06-04 15:29:15,order-846,55,53,0,buy,14.8
1124,2018-06-04 15:29:16,order-847,55,53,0,buy,14.8
1125,2018-06-04 15:29:17,order-848,25,53,0,buy,116.9
1126,2018-06-04 15:29:18,order-849,55,53,0,buy,14.8
1127,2018-06-04 15:29:19,order-850,55,53,0,buy,14.8
1128,2018-06-04 15:29:20,order-851,56,53,0,buy,44.99
1129,2018-06-04 15:29:21,order-852,56,53,0,buy,44.99
1130,2018-06-04 17:03:58,order-853,18,23,0,buy,100.0
1131,2018-06-04 17:03:59,order-854,18,23,0,buy,100.0
1132,2018-06-05 14:38:20,order-855,5,74,0,buy,190.0
1133,2018-06-05 14:38:21,order-856,5,74,0,buy,190.0
1134,2018-06-05 14:38:22,order-857,5,74,0,buy,190.0
1135,2018-06-05 14:38:23,order-858,5,74,0,buy,190.0
1136,2018-06-05 14:38:24,order-859,5,74,0,buy,190.0
1137,2018-06-05 14:38:25,order-860,5,74,0,buy,190.0
1138,2018-06-05 14:38:26,order-861,5,74,0,buy,190.0
1139,2018-06-06 01:22:49,review-163,34,47,4,rate,1.0
1140,2018-06-06 22:49:09,review-117,40,84,4,rate,1.0
1141,2018-06-06 22:49:10,review-118,41,84,4,rate,1.0
1142,2018-06-07 20:15:53,review-72,34,47,3,rate,1.0
1143,2018-06-08 16:42:12,order-862,52,16,0,buy,20.5
1144,2018-06-08 16:42:13,order-863,52,16,0,buy,20.5
1145,2018-06-08 16:42:14,order-864,52,16,0,buy,20.5
1146,2018-06-08 16:42:15,order-865,54,16,0,buy,284.99
1147,2018-06-08 16:42:16,order-866,52,16,0,buy,20.5
1148,2018-06-08 16:42:17,order-867,54,16,0,buy,284.99
1149,2018-06-08 16:42:18,order-868,54,16,0,buy,284.99
1150,2018-06-08 16:42:19,order-869,54,16,0,buy,284.99
1151,2018-06-08 16:42:20,order-870,54,16,0,buy,284.99
1152,2018-06-08 16:42:21,order-871,54,16,0,buy,284.99
1153,2018-06-08 16:42:22,order-872,52,16,0,buy,20.5
1154,2018-06-08 16:42:23,order-873,52,16,0,buy,20.5
1155,2018-06-08 16:55:26,review-326,55,53,3,rate,1.0
1156,2018-06-08 16:55:28,review-327,25,53,3,rate,1.0
1157,2018-06-08 16:55:31,review-328,56,53,3,rate,1.0
1158,2018-06-10 16:53:55,review-156,27,26,5,rate,1.0
1159,2018-06-11 17:56:08,order-874,44,13,0,buy,26.74
1160,2018-06-11 17:56:09,order-875,44,13,0,buy,26.74
1161,2018-06-11 17:56:10,order-876,44,13,0,buy,26.74
1162,2018-06-11 17:56:11,order-877,44,13,0,buy,26.74
1163,2018-06-11 17:56:12,order-878,44,13,0,buy,26.74
1164,2018-06-11 17:56:13,order-879,44,13,0,buy,26.74
1165,2018-06-11 21:01:19,order-880,26,99,0,buy,46.0
1166,2018-06-12 20:46:52,order-881,20,91,0,buy,49.99
1167,2018-06-12 20:58:29,review-17,5,74,1,rate,1.0
1168,2018-06-14 11:11:53,review-244,53,20,5,rate,1.0
1169,2018-06-14 14:28:17,review-262,56,49,1,rate,1.0
1170,2018-06-16 03:26:36,review-239,56,49,1,rate,1.0
1171,2018-06-16 17:06:26,review-260,54,14,4,rate,1.0
1172,2018-06-16 17:06:27,review-261,55,14,4,rate,1.0
1173,2018-06-18 10:55:51,review-134,18,23,3,rate,1.0
1174,2018-06-19 20:54:27,review-331,44,13,5,rate,1.0
1175,2018-06-20 00:08:43,review-218,26,99,5,rate,1.0
1176,2018-06-20 12:16:29,review-220,52,16,1,rate,1.0
1177,2018-06-20 12:16:32,review-221,54,16,1,rate,1.0
1178,2018-06-23 01:01:43,review-18,20,91,5,rate,1.0
1179,2018-06-28 00:43:35,order-882,27,54,0,buy,59.33
1180,2018-07-01 03:58:44,review-123,27,54,5,rate,1.0
1181,2018-07-04 22:35:14,order-883,2,5,0,buy,22.99
1182,2018-07-05 00:58:06,order-884,55,77,0,buy,14.8
1183,2018-07-05 00:58:07,order-885,54,77,0,buy,284.99
1184,2018-07-05 00:58:08,order-886,54,77,0,buy,284.99
1185,2018-07-05 00:58:09,order-887,54,77,0,buy,284.99
1186,2018-07-05 00:58:10,order-888,54,77,0,buy,284.99
1187,2018-07-05 00:58:11,order-889,55,77,0,buy,14.8
1188,2018-07-08 11:25:35,order-890,23,82,0,buy,79.9
1189,2018-07-08 11:25:36,order-891,22,82,0,buy,79.9
1190,2018-07-08 11:25:37,order-892,23,82,0,buy,79.9
1191,2018-07-08 11:25:38,order-893,23,82,0,buy,79.9
1192,2018-07-08 11:25:39,order-894,23,82,0,buy,79.9
1193,2018-07-08 11:25:40,order-895,23,82,0,buy,79.9
1194,2018-07-08 11:25:41,order-896,23,82,0,buy,79.9
1195,2018-07-10 11:36:11,order-897,38,35,0,buy,29.99
1196,2018-07-10 11:36:12,order-898,38,35,0,buy,29.99
1197,2018-07-10 11:36:13,order-899,38,35,0,buy,29.99
1198,2018-07-10 11:36:14,order-900,38,35,0,buy,29.99
1199,2018-07-10 11:36:15,order-901,38,35,0,buy,29.99
1200,2018-07-12 01:52:10,review-20,2,5,5,rate,1.0
1201,2018-07-15 15:12:15,review-315,55,77,2,rate,1.0
1202,2018-07-15 15:12:16,review-316,54,77,2,rate,1.0
1203,2018-07-17 00:57:01,review-36,23,82,1,rate,1.0
1204,2018-07-17 00:57:02,review-37,22,82,1,rate,1.0
1205,2018-07-17 14:25:52,order-902,24,88,0,buy,38.4
1206,2018-07-17 14:25:53,order-903,24,88,0,buy,38.4
1207,2018-07-17 14:25:54,order-904,24,88,0,buy,38.4
1208,2018-07-20 04:05:50,order-905,0,77,0,buy,35.0
1209,2018-07-23 19:44:48,review-157,38,35,5,rate,1.0
1210,2018-07-23 21:53:03,order-906,20,5,0,buy,49.99
1211,2018-07-25 01:12:51,order-907,53,72,0,buy,55.0
1212,2018-07-25 01:12:52,order-908,53,72,0,buy,55.0
1213,2018-07-25 01:12:53,order-909,52,72,0,buy,20.5
1214,2018-07-25 01:12:54,order-910,56,72,0,buy,44.99
1215,2018-07-25 01:12:55,order-911,52,72,0,buy,20.5
1216,2018-07-25 01:12:56,order-912,56,72,0,buy,44.99
1217,2018-07-25 01:12:57,order-913,52,72,0,buy,20.5
1218,2018-07-25 14:47:46,order-914,55,28,0,buy,14.8
1219,2018-07-25 14:47:47,order-915,55,28,0,buy,14.8
1220,2018-07-25 14:47:48,order-916,55,28,0,buy,14.8
1221,2018-07-25 14:47:49,order-917,55,28,0,buy,14.8
1222,2018-07-25 14:47:50,order-918,55,28,0,buy,14.8
1223,2018-07-25 14:47:51,order-919,55,28,0,buy,14.8
1224,2018-07-25 14:47:52,order-920,55,28,0,buy,14.8
1225,2018-07-25 14:47:53,order-921,55,28,0,buy,14.8
1226,2018-07-25 14:47:54,order-922,55,28,0,buy,14.8
1227,2018-07-25 14:47:55,order-923,55,28,0,buy,14.8
1228,2018-07-25 14:47:56,order-924,55,28,0,buy,14.8
1229,2018-07-26 14:26:08,order-925,32,46,0,buy,52.0
1230,2018-07-26 14:26:09,order-926,32,46,0,buy,52.0
1231,2018-07-26 14:26:10,order-927,32,46,0,buy,52.0
1232,2018-07-26 14:26:11,order-928,32,46,0,buy,52.0
1233,2018-07-26 14:26:12,order-929,32,46,0,buy,52.0
1234,2018-07-26 14:26:13,order-930,32,46,0,buy,52.0
1235,2018-07-26 15:22:45,order-931,33,46,0,buy,83.49
1236,2018-07-26 15:55:37,review-291,0,77,5,rate,1.0
1237,2018-07-27 18:52:00,review-300,24,88,3,rate,1.0
1238,2018-07-28 13:07:55,review-137,20,5,5,rate,1.0
1239,2018-07-29 05:12:33,order-932,32,46,0,buy,52.0
1240,2018-07-29 05:12:34,order-933,32,46,0,buy,52.0
1241,2018-08-01 04:48:39,review-171,32,46,5,rate,1.0
1242,2018-08-01 04:49:23,review-272,33,46,5,rate,1.0
1243,2018-08-04 02:55:39,review-263,32,46,5,rate,1.0
1244,2018-08-07 09:03:03,order-934,36,0,0,buy,33.9
1245,2018-08-07 09:03:04,order-935,36,0,0,buy,33.9
1246,2018-08-07 09:03:05,order-936,36,0,0,buy,33.9
1247,2018-08-07 09:03:06,order-937,36,0,0,buy,33.9
1248,2018-08-07 09:03:07,order-938,36,0,0,buy,33.9
1249,2018-08-07 09:03:08,order-939,36,0,0,buy,33.9
1250,2018-08-07 16:35:36,order-940,36,0,0,buy,33.9
1251,2018-08-07 16:35:37,order-941,36,0,0,buy,33.9
1252,2018-08-07 16:35:38,order-942,36,0,0,buy,33.9
1253,2018-08-07 16:35:39,order-943,36,0,0,buy,33.9
1254,2018-08-07 16:35:40,order-944,36,0,0,buy,33.9
1255,2018-08-07 16:35:41,order-945,36,0,0,buy,33.9
1256,2018-08-07 23:32:15,order-946,22,5,0,buy,79.9
1257,2018-08-08 14:24:25,order-947,36,0,0,buy,33.9
1258,2018-08-08 14:24:26,order-948,36,0,0,buy,33.9
1259,2018-08-08 14:24:27,order-949,36,0,0,buy,33.9
1260,2018-08-08 14:24:28,order-950,36,0,0,buy,33.9
1261,2018-08-08 14:24:29,order-951,36,0,0,buy,33.9
1262,2018-08-08 14:24:30,order-952,36,0,0,buy,33.9
1263,2018-08-08 14:27:16,order-953,36,0,0,buy,33.9
1264,2018-08-08 14:27:17,order-954,36,0,0,buy,33.9
1265,2018-08-08 14:27:18,order-955,36,0,0,buy,33.9
1266,2018-08-08 14:27:19,order-956,36,0,0,buy,33.9
1267,2018-08-08 14:27:20,order-957,36,0,0,buy,33.9
1268,2018-08-08 14:27:21,order-958,36,0,0,buy,33.9
1269,2018-08-12 02:11:21,order-959,35,40,0,buy,19.0
1270,2018-08-12 02:11:22,order-960,36,40,0,buy,33.9
1271,2018-08-12 02:11:23,order-961,37,40,0,buy,63.7
1272,2018-08-12 02:11:24,order-962,37,40,0,buy,63.7
1273,2018-08-12 02:11:25,order-963,38,40,0,buy,29.99
1274,2018-08-12 02:11:26,order-964,34,40,0,buy,16.8
1275,2018-08-12 02:11:27,order-965,36,40,0,buy,33.9
1276,2018-08-12 02:11:28,order-966,37,40,0,buy,63.7
1277,2018-08-12 02:11:29,order-967,38,40,0,buy,29.99
1278,2018-08-12 02:11:30,order-968,38,40,0,buy,29.99
1279,2018-08-12 22:47:48,review-147,22,5,5,rate,1.0
1280,2018-08-13 11:34:52,review-1,55,28,4,rate,1.0
1281,2018-08-13 12:13:41,order-969,34,83,0,buy,16.8
1282,2018-08-13 12:13:42,order-970,34,83,0,buy,16.8
1283,2018-08-13 12:13:43,order-971,34,83,0,buy,16.8
1284,2018-08-13 12:13:44,order-972,34,83,0,buy,16.8
1285,2018-08-13 12:13:45,order-973,34,83,0,buy,16.8
1286,2018-08-13 12:13:46,order-974,34,83,0,buy,16.8
1287,2018-08-13 12:31:57,order-975,24,83,0,buy,38.4
1288,2018-08-14 01:19:58,review-4,53,72,1,rate,1.0
1289,2018-08-14 01:20:00,review-5,52,72,1,rate,1.0
1290,2018-08-14 01:20:01,review-6,56,72,1,rate,1.0
1291,2018-08-16 04:29:54,order-976,27,92,0,buy,59.33
1292,2018-08-16 04:29:55,order-977,28,92,0,buy,109.9
1293,2018-08-16 04:29:56,order-978,27,92,0,buy,59.33
1294,2018-08-16 04:29:57,order-979,24,92,0,buy,38.4
1295,2018-08-16 04:29:58,order-980,26,92,0,buy,46.0
1296,2018-08-16 04:29:59,order-981,28,92,0,buy,109.9
1297,2018-08-16 04:30:00,order-982,25,92,0,buy,116.9
1298,2018-08-17 11:50:15,review-301,36,0,4,rate,1.0
1299,2018-08-18 12:39:20,order-983,22,5,0,buy,79.9
1300,2018-08-18 22:36:33,review-222,27,92,1,rate,1.0
1301,2018-08-18 22:36:34,review-223,28,92,1,rate,1.0
1302,2018-08-18 22:36:36,review-224,24,92,1,rate,1.0
1303,2018-08-18 22:36:37,review-225,26,92,1,rate,1.0
1304,2018-08-18 22:36:39,review-226,25,92,1,rate,1.0
1305,2018-08-20 19:14:27,order-984,44,5,0,buy,26.74
1306,2018-08-22 21:05:09,review-305,34,83,5,rate,1.0
1307,2018-08-22 22:10:34,review-180,36,0,4,rate,1.0
1308,2018-08-22 22:10:51,review-41,36,0,4,rate,1.0
1309,2018-08-22 22:11:10,review-237,36,0,4,rate,1.0
1310,2018-08-23 00:07:27,order-985,39,22,0,buy,54.99
1311,2018-08-24 17:07:05,review-266,35,40,3,rate,1.0
1312,2018-08-24 17:07:06,review-267,36,40,3,rate,1.0
1313,2018-08-24 17:07:07,review-268,37,40,3,rate,1.0
1314,2018-08-24 17:07:09,review-269,38,40,3,rate,1.0
1315,2018-08-24 17:07:10,review-270,34,40,3,rate,1.0
1316,2018-08-25 19:35:05,review-245,44,5,5,rate,1.0
1317,2018-08-26 00:50:03,review-280,24,83,5,rate,1.0
1318,2018-08-26 02:05:08,review-122,22,5,5,rate,1.0
1319,2018-08-29 20:47:29,review-183,39,22,5,rate,1.0
